study,region,case,asset,domain,domain_label,arm,arm_label,tolerance_input_voxels,reference_area_mm2,covered_reference_mm2,fraction,status,gross_unknown_mm2,gross_outside_mm2,source_id
main10,V1,,20231210121321,B1408,Primary 1408-cubed-voxel evaluation box,existing10_native,Uniform final erosion (output spacing 10 voxels),0.5,504.74052537962086,5.700647047079577,0.011294213086599413,GEOMETRIC_SUPPORT_ONLY,182.32594336226822,1.6774256469085664,main10-V1-20231210121321
main10,V1,,20231210121321,B1408,Primary 1408-cubed-voxel evaluation box,existing10_native,Uniform final erosion (output spacing 10 voxels),1.0,504.74052537962086,11.611849963678106,0.02300558282881032,GEOMETRIC_SUPPORT_ONLY,182.32594336226822,1.6774256469085664,main10-V1-20231210121321
main10,V1,,20231210121321,B1408,Primary 1408-cubed-voxel evaluation box,existing10_native,Uniform final erosion (output spacing 10 voxels),2.0,504.74052537962086,22.171082155222184,0.04392570249544966,GEOMETRIC_SUPPORT_ONLY,182.32594336226822,1.6774256469085664,main10-V1-20231210121321
main10,V1,,20231210121321,B1408,Primary 1408-cubed-voxel evaluation box,existing10_native,Uniform final erosion (output spacing 10 voxels),4.0,504.74052537962086,36.6381121238577,0.07258801360620247,GEOMETRIC_SUPPORT_ONLY,182.32594336226822,1.6774256469085664,main10-V1-20231210121321
main10,V1,,20231210121321,B1408,Primary 1408-cubed-voxel evaluation box,existing10_native,Uniform final erosion (output spacing 10 voxels),8.0,504.74052537962086,46.79243139317976,0.0927059133165237,GEOMETRIC_SUPPORT_ONLY,182.32594336226822,1.6774256469085664,main10-V1-20231210121321
main10,V1,,20231210121321,B1408,Primary 1408-cubed-voxel evaluation box,support10_native,Fine-support finalization (output spacing 10 voxels),0.5,504.74052537962086,6.242055783108764,0.012366860731886043,GEOMETRIC_SUPPORT_ONLY,209.38565753177292,4.059376097915946,main10-V1-20231210121321
main10,V1,,20231210121321,B1408,Primary 1408-cubed-voxel evaluation box,support10_native,Fine-support finalization (output spacing 10 voxels),1.0,504.74052537962086,12.700770163763782,0.025162968941737723,GEOMETRIC_SUPPORT_ONLY,209.38565753177292,4.059376097915946,main10-V1-20231210121321
main10,V1,,20231210121321,B1408,Primary 1408-cubed-voxel evaluation box,support10_native,Fine-support finalization (output spacing 10 voxels),2.0,504.74052537962086,24.494572626347463,0.04852903897091446,GEOMETRIC_SUPPORT_ONLY,209.38565753177292,4.059376097915946,main10-V1-20231210121321
main10,V1,,20231210121321,B1408,Primary 1408-cubed-voxel evaluation box,support10_native,Fine-support finalization (output spacing 10 voxels),4.0,504.74052537962086,40.562754061553164,0.08036357697065334,GEOMETRIC_SUPPORT_ONLY,209.38565753177292,4.059376097915946,main10-V1-20231210121321
main10,V1,,20231210121321,B1408,Primary 1408-cubed-voxel evaluation box,support10_native,Fine-support finalization (output spacing 10 voxels),8.0,504.74052537962086,51.585974793840535,0.10220295815368136,GEOMETRIC_SUPPORT_ONLY,209.38565753177292,4.059376097915946,main10-V1-20231210121321
main10,V1,,20231210121321,B1408,Primary 1408-cubed-voxel evaluation box,existing5_native,Uniform final erosion (output spacing 5 voxels),0.5,504.74052537962086,6.194653429428053,0.012272946430780422,GEOMETRIC_SUPPORT_ONLY,215.80150445303354,4.561752459268593,main10-V1-20231210121321
main10,V1,,20231210121321,B1408,Primary 1408-cubed-voxel evaluation box,existing5_native,Uniform final erosion (output spacing 5 voxels),1.0,504.74052537962086,12.755268189090827,0.02527094130097331,GEOMETRIC_SUPPORT_ONLY,215.80150445303354,4.561752459268593,main10-V1-20231210121321
main10,V1,,20231210121321,B1408,Primary 1408-cubed-voxel evaluation box,existing5_native,Uniform final erosion (output spacing 5 voxels),2.0,504.74052537962086,24.635307268420572,0.048807864694224996,GEOMETRIC_SUPPORT_ONLY,215.80150445303354,4.561752459268593,main10-V1-20231210121321
main10,V1,,20231210121321,B1408,Primary 1408-cubed-voxel evaluation box,existing5_native,Uniform final erosion (output spacing 5 voxels),4.0,504.74052537962086,41.16369470747828,0.08155417018777839,GEOMETRIC_SUPPORT_ONLY,215.80150445303354,4.561752459268593,main10-V1-20231210121321
main10,V1,,20231210121321,B1408,Primary 1408-cubed-voxel evaluation box,existing5_native,Uniform final erosion (output spacing 5 voxels),8.0,504.74052537962086,52.28146612691477,0.1035808767041111,GEOMETRIC_SUPPORT_ONLY,215.80150445303354,4.561752459268593,main10-V1-20231210121321
main10,V1,,20231210121321,A384,Secondary central 384-cubed-voxel evaluation box,existing10_native,Uniform final erosion (output spacing 10 voxels),0.5,29.322949365533162,1.0102000693893658,0.034450834286703,GEOMETRIC_SUPPORT_ONLY,7.14753410261181,212.17175663227303,main10-V1-20231210121321
main10,V1,,20231210121321,A384,Secondary central 384-cubed-voxel evaluation box,existing10_native,Uniform final erosion (output spacing 10 voxels),1.0,29.322949365533162,2.071157713702581,0.07063265321247204,GEOMETRIC_SUPPORT_ONLY,7.14753410261181,212.17175663227303,main10-V1-20231210121321
main10,V1,,20231210121321,A384,Secondary central 384-cubed-voxel evaluation box,existing10_native,Uniform final erosion (output spacing 10 voxels),2.0,29.322949365533162,3.6176294971409617,0.12337195184714955,GEOMETRIC_SUPPORT_ONLY,7.14753410261181,212.17175663227303,main10-V1-20231210121321
main10,V1,,20231210121321,A384,Secondary central 384-cubed-voxel evaluation box,existing10_native,Uniform final erosion (output spacing 10 voxels),4.0,29.322949365533162,5.085745214102559,0.173439074995657,GEOMETRIC_SUPPORT_ONLY,7.14753410261181,212.17175663227303,main10-V1-20231210121321
main10,V1,,20231210121321,A384,Secondary central 384-cubed-voxel evaluation box,existing10_native,Uniform final erosion (output spacing 10 voxels),8.0,29.322949365533162,5.754172179520268,0.19623442743736574,GEOMETRIC_SUPPORT_ONLY,7.14753410261181,212.17175663227303,main10-V1-20231210121321
main10,V1,,20231210121321,A384,Secondary central 384-cubed-voxel evaluation box,support10_native,Fine-support finalization (output spacing 10 voxels),0.5,29.322949365533162,1.060326836071959,0.03616030648398181,GEOMETRIC_SUPPORT_ONLY,8.500824750927851,244.45440272355873,main10-V1-20231210121321
main10,V1,,20231210121321,A384,Secondary central 384-cubed-voxel evaluation box,support10_native,Fine-support finalization (output spacing 10 voxels),1.0,29.322949365533162,2.133896517044659,0.07277223346273919,GEOMETRIC_SUPPORT_ONLY,8.500824750927851,244.45440272355873,main10-V1-20231210121321
main10,V1,,20231210121321,A384,Secondary central 384-cubed-voxel evaluation box,support10_native,Fine-support finalization (output spacing 10 voxels),2.0,29.322949365533162,3.79878261872821,0.129549813402924,GEOMETRIC_SUPPORT_ONLY,8.500824750927851,244.45440272355873,main10-V1-20231210121321
main10,V1,,20231210121321,A384,Secondary central 384-cubed-voxel evaluation box,support10_native,Fine-support finalization (output spacing 10 voxels),4.0,29.322949365533162,5.380409842759847,0.18348801737809153,GEOMETRIC_SUPPORT_ONLY,8.500824750927851,244.45440272355873,main10-V1-20231210121321
main10,V1,,20231210121321,A384,Secondary central 384-cubed-voxel evaluation box,support10_native,Fine-support finalization (output spacing 10 voxels),8.0,29.322949365533162,6.090435904753248,0.2077020230411092,GEOMETRIC_SUPPORT_ONLY,8.500824750927851,244.45440272355873,main10-V1-20231210121321
main10,V1,,20231210121321,A384,Secondary central 384-cubed-voxel evaluation box,existing5_native,Uniform final erosion (output spacing 5 voxels),0.5,29.322949365533162,0.9971941459059371,0.0340072935186411,GEOMETRIC_SUPPORT_ONLY,8.668408245072225,251.92502912846825,main10-V1-20231210121321
main10,V1,,20231210121321,A384,Secondary central 384-cubed-voxel evaluation box,existing5_native,Uniform final erosion (output spacing 5 voxels),1.0,29.322949365533162,2.113276920725602,0.07206904375074882,GEOMETRIC_SUPPORT_ONLY,8.668408245072225,251.92502912846825,main10-V1-20231210121321
main10,V1,,20231210121321,A384,Secondary central 384-cubed-voxel evaluation box,existing5_native,Uniform final erosion (output spacing 5 voxels),2.0,29.322949365533162,3.8168463100218886,0.1301658391330953,GEOMETRIC_SUPPORT_ONLY,8.668408245072225,251.92502912846825,main10-V1-20231210121321
main10,V1,,20231210121321,A384,Secondary central 384-cubed-voxel evaluation box,existing5_native,Uniform final erosion (output spacing 5 voxels),4.0,29.322949365533162,5.441460285579477,0.18557001950068122,GEOMETRIC_SUPPORT_ONLY,8.668408245072225,251.92502912846825,main10-V1-20231210121321
main10,V1,,20231210121321,A384,Secondary central 384-cubed-voxel evaluation box,existing5_native,Uniform final erosion (output spacing 5 voxels),8.0,29.322949365533162,6.171457911041117,0.21046511502336065,GEOMETRIC_SUPPORT_ONLY,8.668408245072225,251.92502912846825,main10-V1-20231210121321
main10,V1,,20230702185753,B1408,Primary 1408-cubed-voxel evaluation box,existing10_native,Uniform final erosion (output spacing 10 voxels),0.5,582.7957765055165,0.0,0.0,INCONCLUSIVE_NO_REFERENCE_INTERSECTION,222.98869481573846,1.6774256469085664,main10-V1-20230702185753
main10,V1,,20230702185753,B1408,Primary 1408-cubed-voxel evaluation box,existing10_native,Uniform final erosion (output spacing 10 voxels),1.0,582.7957765055165,0.0,0.0,INCONCLUSIVE_NO_REFERENCE_INTERSECTION,222.98869481573846,1.6774256469085664,main10-V1-20230702185753
main10,V1,,20230702185753,B1408,Primary 1408-cubed-voxel evaluation box,existing10_native,Uniform final erosion (output spacing 10 voxels),2.0,582.7957765055165,0.0,0.0,INCONCLUSIVE_NO_REFERENCE_INTERSECTION,222.98869481573846,1.6774256469085664,main10-V1-20230702185753
main10,V1,,20230702185753,B1408,Primary 1408-cubed-voxel evaluation box,existing10_native,Uniform final erosion (output spacing 10 voxels),4.0,582.7957765055165,0.0,0.0,INCONCLUSIVE_NO_REFERENCE_INTERSECTION,222.98869481573846,1.6774256469085664,main10-V1-20230702185753
main10,V1,,20230702185753,B1408,Primary 1408-cubed-voxel evaluation box,existing10_native,Uniform final erosion (output spacing 10 voxels),8.0,582.7957765055165,0.0,0.0,INCONCLUSIVE_NO_REFERENCE_INTERSECTION,222.98869481573846,1.6774256469085664,main10-V1-20230702185753
main10,V1,,20230702185753,B1408,Primary 1408-cubed-voxel evaluation box,support10_native,Fine-support finalization (output spacing 10 voxels),0.5,582.7957765055165,0.0,0.0,INCONCLUSIVE_NO_REFERENCE_INTERSECTION,254.5477550446101,4.059376097915946,main10-V1-20230702185753
main10,V1,,20230702185753,B1408,Primary 1408-cubed-voxel evaluation box,support10_native,Fine-support finalization (output spacing 10 voxels),1.0,582.7957765055165,0.0,0.0,INCONCLUSIVE_NO_REFERENCE_INTERSECTION,254.5477550446101,4.059376097915946,main10-V1-20230702185753
main10,V1,,20230702185753,B1408,Primary 1408-cubed-voxel evaluation box,support10_native,Fine-support finalization (output spacing 10 voxels),2.0,582.7957765055165,0.0,0.0,INCONCLUSIVE_NO_REFERENCE_INTERSECTION,254.5477550446101,4.059376097915946,main10-V1-20230702185753
main10,V1,,20230702185753,B1408,Primary 1408-cubed-voxel evaluation box,support10_native,Fine-support finalization (output spacing 10 voxels),4.0,582.7957765055165,0.0,0.0,INCONCLUSIVE_NO_REFERENCE_INTERSECTION,254.5477550446101,4.059376097915946,main10-V1-20230702185753
main10,V1,,20230702185753,B1408,Primary 1408-cubed-voxel evaluation box,support10_native,Fine-support finalization (output spacing 10 voxels),8.0,582.7957765055165,0.0,0.0,INCONCLUSIVE_NO_REFERENCE_INTERSECTION,254.5477550446101,4.059376097915946,main10-V1-20230702185753
main10,V1,,20230702185753,B1408,Primary 1408-cubed-voxel evaluation box,existing5_native,Uniform final erosion (output spacing 5 voxels),0.5,582.7957765055165,0.0,0.0,INCONCLUSIVE_NO_REFERENCE_INTERSECTION,261.76339772761764,4.561752459268593,main10-V1-20230702185753
main10,V1,,20230702185753,B1408,Primary 1408-cubed-voxel evaluation box,existing5_native,Uniform final erosion (output spacing 5 voxels),1.0,582.7957765055165,0.0,0.0,INCONCLUSIVE_NO_REFERENCE_INTERSECTION,261.76339772761764,4.561752459268593,main10-V1-20230702185753
main10,V1,,20230702185753,B1408,Primary 1408-cubed-voxel evaluation box,existing5_native,Uniform final erosion (output spacing 5 voxels),2.0,582.7957765055165,0.0,0.0,INCONCLUSIVE_NO_REFERENCE_INTERSECTION,261.76339772761764,4.561752459268593,main10-V1-20230702185753
main10,V1,,20230702185753,B1408,Primary 1408-cubed-voxel evaluation box,existing5_native,Uniform final erosion (output spacing 5 voxels),4.0,582.7957765055165,0.0,0.0,INCONCLUSIVE_NO_REFERENCE_INTERSECTION,261.76339772761764,4.561752459268593,main10-V1-20230702185753
main10,V1,,20230702185753,B1408,Primary 1408-cubed-voxel evaluation box,existing5_native,Uniform final erosion (output spacing 5 voxels),8.0,582.7957765055165,0.0,0.0,INCONCLUSIVE_NO_REFERENCE_INTERSECTION,261.76339772761764,4.561752459268593,main10-V1-20230702185753
main10,V1,,20230702185753,A384,Secondary central 384-cubed-voxel evaluation box,existing10_native,Uniform final erosion (output spacing 10 voxels),0.5,0.46731802441928316,0.0,0.0,INCONCLUSIVE_NO_REFERENCE_INTERSECTION,12.49436383037398,212.17175663227303,main10-V1-20230702185753
main10,V1,,20230702185753,A384,Secondary central 384-cubed-voxel evaluation box,existing10_native,Uniform final erosion (output spacing 10 voxels),1.0,0.46731802441928316,0.0,0.0,INCONCLUSIVE_NO_REFERENCE_INTERSECTION,12.49436383037398,212.17175663227303,main10-V1-20230702185753
main10,V1,,20230702185753,A384,Secondary central 384-cubed-voxel evaluation box,existing10_native,Uniform final erosion (output spacing 10 voxels),2.0,0.46731802441928316,0.0,0.0,INCONCLUSIVE_NO_REFERENCE_INTERSECTION,12.49436383037398,212.17175663227303,main10-V1-20230702185753
main10,V1,,20230702185753,A384,Secondary central 384-cubed-voxel evaluation box,existing10_native,Uniform final erosion (output spacing 10 voxels),4.0,0.46731802441928316,0.0,0.0,INCONCLUSIVE_NO_REFERENCE_INTERSECTION,12.49436383037398,212.17175663227303,main10-V1-20230702185753
main10,V1,,20230702185753,A384,Secondary central 384-cubed-voxel evaluation box,existing10_native,Uniform final erosion (output spacing 10 voxels),8.0,0.46731802441928316,0.0,0.0,INCONCLUSIVE_NO_REFERENCE_INTERSECTION,12.49436383037398,212.17175663227303,main10-V1-20230702185753
main10,V1,,20230702185753,A384,Secondary central 384-cubed-voxel evaluation box,support10_native,Fine-support finalization (output spacing 10 voxels),0.5,0.46731802441928316,0.0,0.0,INCONCLUSIVE_NO_REFERENCE_INTERSECTION,14.15272841896733,244.45440272355873,main10-V1-20230702185753
main10,V1,,20230702185753,A384,Secondary central 384-cubed-voxel evaluation box,support10_native,Fine-support finalization (output spacing 10 voxels),1.0,0.46731802441928316,0.0,0.0,INCONCLUSIVE_NO_REFERENCE_INTERSECTION,14.15272841896733,244.45440272355873,main10-V1-20230702185753
main10,V1,,20230702185753,A384,Secondary central 384-cubed-voxel evaluation box,support10_native,Fine-support finalization (output spacing 10 voxels),2.0,0.46731802441928316,0.0,0.0,INCONCLUSIVE_NO_REFERENCE_INTERSECTION,14.15272841896733,244.45440272355873,main10-V1-20230702185753
main10,V1,,20230702185753,A384,Secondary central 384-cubed-voxel evaluation box,support10_native,Fine-support finalization (output spacing 10 voxels),4.0,0.46731802441928316,0.0,0.0,INCONCLUSIVE_NO_REFERENCE_INTERSECTION,14.15272841896733,244.45440272355873,main10-V1-20230702185753
main10,V1,,20230702185753,A384,Secondary central 384-cubed-voxel evaluation box,support10_native,Fine-support finalization (output spacing 10 voxels),8.0,0.46731802441928316,0.0,0.0,INCONCLUSIVE_NO_REFERENCE_INTERSECTION,14.15272841896733,244.45440272355873,main10-V1-20230702185753
main10,V1,,20230702185753,A384,Secondary central 384-cubed-voxel evaluation box,existing5_native,Uniform final erosion (output spacing 5 voxels),0.5,0.46731802441928316,0.0,0.0,INCONCLUSIVE_NO_REFERENCE_INTERSECTION,14.400121058417952,251.92502912846825,main10-V1-20230702185753
main10,V1,,20230702185753,A384,Secondary central 384-cubed-voxel evaluation box,existing5_native,Uniform final erosion (output spacing 5 voxels),1.0,0.46731802441928316,0.0,0.0,INCONCLUSIVE_NO_REFERENCE_INTERSECTION,14.400121058417952,251.92502912846825,main10-V1-20230702185753
main10,V1,,20230702185753,A384,Secondary central 384-cubed-voxel evaluation box,existing5_native,Uniform final erosion (output spacing 5 voxels),2.0,0.46731802441928316,0.0,0.0,INCONCLUSIVE_NO_REFERENCE_INTERSECTION,14.400121058417952,251.92502912846825,main10-V1-20230702185753
main10,V1,,20230702185753,A384,Secondary central 384-cubed-voxel evaluation box,existing5_native,Uniform final erosion (output spacing 5 voxels),4.0,0.46731802441928316,0.0,0.0,INCONCLUSIVE_NO_REFERENCE_INTERSECTION,14.400121058417952,251.92502912846825,main10-V1-20230702185753
main10,V1,,20230702185753,A384,Secondary central 384-cubed-voxel evaluation box,existing5_native,Uniform final erosion (output spacing 5 voxels),8.0,0.46731802441928316,0.0,0.0,INCONCLUSIVE_NO_REFERENCE_INTERSECTION,14.400121058417952,251.92502912846825,main10-V1-20230702185753
main10,V1,,20230929220926,B1408,Primary 1408-cubed-voxel evaluation box,existing10_native,Uniform final erosion (output spacing 10 voxels),0.5,585.2807818176371,2.5403133520736243,0.004340332761626777,GEOMETRIC_SUPPORT_ONLY,200.84470753124268,1.6774256469085664,main10-V1-20230929220926
main10,V1,,20230929220926,B1408,Primary 1408-cubed-voxel evaluation box,existing10_native,Uniform final erosion (output spacing 10 voxels),1.0,585.2807818176371,4.8513220238986925,0.008288879755854133,GEOMETRIC_SUPPORT_ONLY,200.84470753124268,1.6774256469085664,main10-V1-20230929220926
main10,V1,,20230929220926,B1408,Primary 1408-cubed-voxel evaluation box,existing10_native,Uniform final erosion (output spacing 10 voxels),2.0,585.2807818176371,9.353734497388484,0.015981619058701532,GEOMETRIC_SUPPORT_ONLY,200.84470753124268,1.6774256469085664,main10-V1-20230929220926
main10,V1,,20230929220926,B1408,Primary 1408-cubed-voxel evaluation box,existing10_native,Uniform final erosion (output spacing 10 voxels),4.0,585.2807818176371,19.452434297098563,0.03323607215785805,GEOMETRIC_SUPPORT_ONLY,200.84470753124268,1.6774256469085664,main10-V1-20230929220926
main10,V1,,20230929220926,B1408,Primary 1408-cubed-voxel evaluation box,existing10_native,Uniform final erosion (output spacing 10 voxels),8.0,585.2807818176371,28.64133403339607,0.04893605756957895,GEOMETRIC_SUPPORT_ONLY,200.84470753124268,1.6774256469085664,main10-V1-20230929220926
main10,V1,,20230929220926,B1408,Primary 1408-cubed-voxel evaluation box,support10_native,Fine-support finalization (output spacing 10 voxels),0.5,585.2807818176371,2.894087892977359,0.004944785448087896,GEOMETRIC_SUPPORT_ONLY,228.11284859710798,4.059376097915946,main10-V1-20230929220926
main10,V1,,20230929220926,B1408,Primary 1408-cubed-voxel evaluation box,support10_native,Fine-support finalization (output spacing 10 voxels),1.0,585.2807818176371,5.533289179037828,0.009454076318470167,GEOMETRIC_SUPPORT_ONLY,228.11284859710798,4.059376097915946,main10-V1-20230929220926
main10,V1,,20230929220926,B1408,Primary 1408-cubed-voxel evaluation box,support10_native,Fine-support finalization (output spacing 10 voxels),2.0,585.2807818176371,10.792144367707785,0.018439259758695477,GEOMETRIC_SUPPORT_ONLY,228.11284859710798,4.059376097915946,main10-V1-20230929220926
main10,V1,,20230929220926,B1408,Primary 1408-cubed-voxel evaluation box,support10_native,Fine-support finalization (output spacing 10 voxels),4.0,585.2807818176371,22.687881721602004,0.0387640982352828,GEOMETRIC_SUPPORT_ONLY,228.11284859710798,4.059376097915946,main10-V1-20230929220926
main10,V1,,20230929220926,B1408,Primary 1408-cubed-voxel evaluation box,support10_native,Fine-support finalization (output spacing 10 voxels),8.0,585.2807818176371,33.62713157416053,0.05745469972502554,GEOMETRIC_SUPPORT_ONLY,228.11284859710798,4.059376097915946,main10-V1-20230929220926
main10,V1,,20230929220926,B1408,Primary 1408-cubed-voxel evaluation box,existing5_native,Uniform final erosion (output spacing 5 voxels),0.5,585.2807818176371,3.004373442720657,0.00513321731390245,GEOMETRIC_SUPPORT_ONLY,234.20796355620143,4.561752459268593,main10-V1-20230929220926
main10,V1,,20230929220926,B1408,Primary 1408-cubed-voxel evaluation box,existing5_native,Uniform final erosion (output spacing 5 voxels),1.0,585.2807818176371,5.637279201409841,0.009631751761783141,GEOMETRIC_SUPPORT_ONLY,234.20796355620143,4.561752459268593,main10-V1-20230929220926
main10,V1,,20230929220926,B1408,Primary 1408-cubed-voxel evaluation box,existing5_native,Uniform final erosion (output spacing 5 voxels),2.0,585.2807818176371,11.112425060300861,0.018986485470768952,GEOMETRIC_SUPPORT_ONLY,234.20796355620143,4.561752459268593,main10-V1-20230929220926
main10,V1,,20230929220926,B1408,Primary 1408-cubed-voxel evaluation box,existing5_native,Uniform final erosion (output spacing 5 voxels),4.0,585.2807818176371,23.654393353352475,0.04041546226734428,GEOMETRIC_SUPPORT_ONLY,234.20796355620143,4.561752459268593,main10-V1-20230929220926
main10,V1,,20230929220926,B1408,Primary 1408-cubed-voxel evaluation box,existing5_native,Uniform final erosion (output spacing 5 voxels),8.0,585.2807818176371,34.98867621213644,0.05978100990002825,GEOMETRIC_SUPPORT_ONLY,234.20796355620143,4.561752459268593,main10-V1-20230929220926
main10,V1,,20230929220926,A384,Secondary central 384-cubed-voxel evaluation box,existing10_native,Uniform final erosion (output spacing 10 voxels),0.5,40.881636255139426,0.8407670984290124,0.02056588667786788,GEOMETRIC_SUPPORT_ONLY,8.33292836748775,212.17175663227303,main10-V1-20230929220926
main10,V1,,20230929220926,A384,Secondary central 384-cubed-voxel evaluation box,existing10_native,Uniform final erosion (output spacing 10 voxels),1.0,40.881636255139426,1.6029510182067217,0.03920956118788438,GEOMETRIC_SUPPORT_ONLY,8.33292836748775,212.17175663227303,main10-V1-20230929220926
main10,V1,,20230929220926,A384,Secondary central 384-cubed-voxel evaluation box,existing10_native,Uniform final erosion (output spacing 10 voxels),2.0,40.881636255139426,2.7477844779845673,0.06721317270267356,GEOMETRIC_SUPPORT_ONLY,8.33292836748775,212.17175663227303,main10-V1-20230929220926
main10,V1,,20230929220926,A384,Secondary central 384-cubed-voxel evaluation box,existing10_native,Uniform final erosion (output spacing 10 voxels),4.0,40.881636255139426,4.192755827170626,0.10255841525040561,GEOMETRIC_SUPPORT_ONLY,8.33292836748775,212.17175663227303,main10-V1-20230929220926
main10,V1,,20230929220926,A384,Secondary central 384-cubed-voxel evaluation box,existing10_native,Uniform final erosion (output spacing 10 voxels),8.0,40.881636255139426,4.942813752667424,0.12090547750632263,GEOMETRIC_SUPPORT_ONLY,8.33292836748775,212.17175663227303,main10-V1-20230929220926
main10,V1,,20230929220926,A384,Secondary central 384-cubed-voxel evaluation box,support10_native,Fine-support finalization (output spacing 10 voxels),0.5,40.881636255139426,0.8634065786152417,0.02111966784369348,GEOMETRIC_SUPPORT_ONLY,9.309396875705431,244.45440272355873,main10-V1-20230929220926
main10,V1,,20230929220926,A384,Secondary central 384-cubed-voxel evaluation box,support10_native,Fine-support finalization (output spacing 10 voxels),1.0,40.881636255139426,1.7144951954937009,0.04193802774413569,GEOMETRIC_SUPPORT_ONLY,9.309396875705431,244.45440272355873,main10-V1-20230929220926
main10,V1,,20230929220926,A384,Secondary central 384-cubed-voxel evaluation box,support10_native,Fine-support finalization (output spacing 10 voxels),2.0,40.881636255139426,3.0632001956398036,0.07492851256056841,GEOMETRIC_SUPPORT_ONLY,9.309396875705431,244.45440272355873,main10-V1-20230929220926
main10,V1,,20230929220926,A384,Secondary central 384-cubed-voxel evaluation box,support10_native,Fine-support finalization (output spacing 10 voxels),4.0,40.881636255139426,4.740053970844509,0.11594579877532701,GEOMETRIC_SUPPORT_ONLY,9.309396875705431,244.45440272355873,main10-V1-20230929220926
main10,V1,,20230929220926,A384,Secondary central 384-cubed-voxel evaluation box,support10_native,Fine-support finalization (output spacing 10 voxels),8.0,40.881636255139426,5.6037854891326395,0.13707341492301842,GEOMETRIC_SUPPORT_ONLY,9.309396875705431,244.45440272355873,main10-V1-20230929220926
main10,V1,,20230929220926,A384,Secondary central 384-cubed-voxel evaluation box,existing5_native,Uniform final erosion (output spacing 5 voxels),0.5,40.881636255139426,0.8692481948112493,0.021262558802351554,GEOMETRIC_SUPPORT_ONLY,9.436835130095293,251.92502912846825,main10-V1-20230929220926
main10,V1,,20230929220926,A384,Secondary central 384-cubed-voxel evaluation box,existing5_native,Uniform final erosion (output spacing 5 voxels),1.0,40.881636255139426,1.6476030745560375,0.040301788907700815,GEOMETRIC_SUPPORT_ONLY,9.436835130095293,251.92502912846825,main10-V1-20230929220926
main10,V1,,20230929220926,A384,Secondary central 384-cubed-voxel evaluation box,existing5_native,Uniform final erosion (output spacing 5 voxels),2.0,40.881636255139426,2.980619106561671,0.07290850806361654,GEOMETRIC_SUPPORT_ONLY,9.436835130095293,251.92502912846825,main10-V1-20230929220926
main10,V1,,20230929220926,A384,Secondary central 384-cubed-voxel evaluation box,existing5_native,Uniform final erosion (output spacing 5 voxels),4.0,40.881636255139426,4.797708096159185,0.11735606828985574,GEOMETRIC_SUPPORT_ONLY,9.436835130095293,251.92502912846825,main10-V1-20230929220926
main10,V1,,20230929220926,A384,Secondary central 384-cubed-voxel evaluation box,existing5_native,Uniform final erosion (output spacing 5 voxels),8.0,40.881636255139426,5.71547875632407,0.1398055283466192,GEOMETRIC_SUPPORT_ONLY,9.436835130095293,251.92502912846825,main10-V1-20230929220926
main10,V2,,20231210121321,B1408,Primary 1408-cubed-voxel evaluation box,existing10_native,Uniform final erosion (output spacing 10 voxels),0.5,502.5951389648357,4.054519135609782,0.008067167430151883,GEOMETRIC_SUPPORT_ONLY,245.7912880059979,2.5276485773618864,main10-V2-20231210121321
main10,V2,,20231210121321,B1408,Primary 1408-cubed-voxel evaluation box,existing10_native,Uniform final erosion (output spacing 10 voxels),1.0,502.5951389648357,7.736824177510606,0.015393750511486575,GEOMETRIC_SUPPORT_ONLY,245.7912880059979,2.5276485773618864,main10-V2-20231210121321
main10,V2,,20231210121321,B1408,Primary 1408-cubed-voxel evaluation box,existing10_native,Uniform final erosion (output spacing 10 voxels),2.0,502.5951389648357,12.899077256998014,0.025664946309599115,GEOMETRIC_SUPPORT_ONLY,245.7912880059979,2.5276485773618864,main10-V2-20231210121321
main10,V2,,20231210121321,B1408,Primary 1408-cubed-voxel evaluation box,existing10_native,Uniform final erosion (output spacing 10 voxels),4.0,502.5951389648357,18.17980697215891,0.03617187187604468,GEOMETRIC_SUPPORT_ONLY,245.7912880059979,2.5276485773618864,main10-V2-20231210121321
main10,V2,,20231210121321,B1408,Primary 1408-cubed-voxel evaluation box,existing10_native,Uniform final erosion (output spacing 10 voxels),8.0,502.5951389648357,24.155823289053814,0.04806219045175422,GEOMETRIC_SUPPORT_ONLY,245.7912880059979,2.5276485773618864,main10-V2-20231210121321
main10,V2,,20231210121321,B1408,Primary 1408-cubed-voxel evaluation box,support10_native,Fine-support finalization (output spacing 10 voxels),0.5,502.5951389648357,4.366770993694625,0.008688446535095016,GEOMETRIC_SUPPORT_ONLY,280.39055170618946,4.893798480278486,main10-V2-20231210121321
main10,V2,,20231210121321,B1408,Primary 1408-cubed-voxel evaluation box,support10_native,Fine-support finalization (output spacing 10 voxels),1.0,502.5951389648357,8.465229345163635,0.016843038638612678,GEOMETRIC_SUPPORT_ONLY,280.39055170618946,4.893798480278486,main10-V2-20231210121321
main10,V2,,20231210121321,B1408,Primary 1408-cubed-voxel evaluation box,support10_native,Fine-support finalization (output spacing 10 voxels),2.0,502.5951389648357,14.141475748477358,0.028136913097893637,GEOMETRIC_SUPPORT_ONLY,280.39055170618946,4.893798480278486,main10-V2-20231210121321
main10,V2,,20231210121321,B1408,Primary 1408-cubed-voxel evaluation box,support10_native,Fine-support finalization (output spacing 10 voxels),4.0,502.5951389648357,20.212629580398907,0.04021652422271655,GEOMETRIC_SUPPORT_ONLY,280.39055170618946,4.893798480278486,main10-V2-20231210121321
main10,V2,,20231210121321,B1408,Primary 1408-cubed-voxel evaluation box,support10_native,Fine-support finalization (output spacing 10 voxels),8.0,502.5951389648357,26.656973293908163,0.05303866119519558,GEOMETRIC_SUPPORT_ONLY,280.39055170618946,4.893798480278486,main10-V2-20231210121321
main10,V2,,20231210121321,B1408,Primary 1408-cubed-voxel evaluation box,existing5_native,Uniform final erosion (output spacing 5 voxels),0.5,502.5951389648357,4.500132173253669,0.008953791679168077,GEOMETRIC_SUPPORT_ONLY,287.42760347099005,5.036540784406277,main10-V2-20231210121321
main10,V2,,20231210121321,B1408,Primary 1408-cubed-voxel evaluation box,existing5_native,Uniform final erosion (output spacing 5 voxels),1.0,502.5951389648357,8.573068439463484,0.017057603177621068,GEOMETRIC_SUPPORT_ONLY,287.42760347099005,5.036540784406277,main10-V2-20231210121321
main10,V2,,20231210121321,B1408,Primary 1408-cubed-voxel evaluation box,existing5_native,Uniform final erosion (output spacing 5 voxels),2.0,502.5951389648357,14.461650636025501,0.028773956440986025,GEOMETRIC_SUPPORT_ONLY,287.42760347099005,5.036540784406277,main10-V2-20231210121321
main10,V2,,20231210121321,B1408,Primary 1408-cubed-voxel evaluation box,existing5_native,Uniform final erosion (output spacing 5 voxels),4.0,502.5951389648357,20.72073470317483,0.04122748728897787,GEOMETRIC_SUPPORT_ONLY,287.42760347099005,5.036540784406277,main10-V2-20231210121321
main10,V2,,20231210121321,B1408,Primary 1408-cubed-voxel evaluation box,existing5_native,Uniform final erosion (output spacing 5 voxels),8.0,502.5951389648357,27.12620794288068,0.05397228472752614,GEOMETRIC_SUPPORT_ONLY,287.42760347099005,5.036540784406277,main10-V2-20231210121321
main10,V2,,20231210121321,A384,Secondary central 384-cubed-voxel evaluation box,existing10_native,Uniform final erosion (output spacing 10 voxels),0.5,28.729988070928613,0.0,0.0,INCONCLUSIVE_NO_REFERENCE_INTERSECTION,22.197742822472588,248.03830618945165,main10-V2-20231210121321
main10,V2,,20231210121321,A384,Secondary central 384-cubed-voxel evaluation box,existing10_native,Uniform final erosion (output spacing 10 voxels),1.0,28.729988070928613,0.0,0.0,INCONCLUSIVE_NO_REFERENCE_INTERSECTION,22.197742822472588,248.03830618945165,main10-V2-20231210121321
main10,V2,,20231210121321,A384,Secondary central 384-cubed-voxel evaluation box,existing10_native,Uniform final erosion (output spacing 10 voxels),2.0,28.729988070928613,0.0,0.0,INCONCLUSIVE_NO_REFERENCE_INTERSECTION,22.197742822472588,248.03830618945165,main10-V2-20231210121321
main10,V2,,20231210121321,A384,Secondary central 384-cubed-voxel evaluation box,existing10_native,Uniform final erosion (output spacing 10 voxels),4.0,28.729988070928613,0.0,0.0,INCONCLUSIVE_NO_REFERENCE_INTERSECTION,22.197742822472588,248.03830618945165,main10-V2-20231210121321
main10,V2,,20231210121321,A384,Secondary central 384-cubed-voxel evaluation box,existing10_native,Uniform final erosion (output spacing 10 voxels),8.0,28.729988070928613,0.0,0.0,INCONCLUSIVE_NO_REFERENCE_INTERSECTION,22.197742822472588,248.03830618945165,main10-V2-20231210121321
main10,V2,,20231210121321,A384,Secondary central 384-cubed-voxel evaluation box,support10_native,Fine-support finalization (output spacing 10 voxels),0.5,28.729988070928613,0.0,0.0,INCONCLUSIVE_NO_REFERENCE_INTERSECTION,24.683342568679144,284.9056332367312,main10-V2-20231210121321
main10,V2,,20231210121321,A384,Secondary central 384-cubed-voxel evaluation box,support10_native,Fine-support finalization (output spacing 10 voxels),1.0,28.729988070928613,0.0,0.0,INCONCLUSIVE_NO_REFERENCE_INTERSECTION,24.683342568679144,284.9056332367312,main10-V2-20231210121321
main10,V2,,20231210121321,A384,Secondary central 384-cubed-voxel evaluation box,support10_native,Fine-support finalization (output spacing 10 voxels),2.0,28.729988070928613,0.0,0.0,INCONCLUSIVE_NO_REFERENCE_INTERSECTION,24.683342568679144,284.9056332367312,main10-V2-20231210121321
main10,V2,,20231210121321,A384,Secondary central 384-cubed-voxel evaluation box,support10_native,Fine-support finalization (output spacing 10 voxels),4.0,28.729988070928613,0.0,0.0,INCONCLUSIVE_NO_REFERENCE_INTERSECTION,24.683342568679144,284.9056332367312,main10-V2-20231210121321
main10,V2,,20231210121321,A384,Secondary central 384-cubed-voxel evaluation box,support10_native,Fine-support finalization (output spacing 10 voxels),8.0,28.729988070928613,0.0,0.0,INCONCLUSIVE_NO_REFERENCE_INTERSECTION,24.683342568679144,284.9056332367312,main10-V2-20231210121321
main10,V2,,20231210121321,A384,Secondary central 384-cubed-voxel evaluation box,existing5_native,Uniform final erosion (output spacing 5 voxels),0.5,28.729988070928613,0.0,0.0,GEOMETRIC_SUPPORT_ONLY,25.13992045488748,292.22872630637056,main10-V2-20231210121321
main10,V2,,20231210121321,A384,Secondary central 384-cubed-voxel evaluation box,existing5_native,Uniform final erosion (output spacing 5 voxels),1.0,28.729988070928613,0.0,0.0,GEOMETRIC_SUPPORT_ONLY,25.13992045488748,292.22872630637056,main10-V2-20231210121321
main10,V2,,20231210121321,A384,Secondary central 384-cubed-voxel evaluation box,existing5_native,Uniform final erosion (output spacing 5 voxels),2.0,28.729988070928613,0.0,0.0,GEOMETRIC_SUPPORT_ONLY,25.13992045488748,292.22872630637056,main10-V2-20231210121321
main10,V2,,20231210121321,A384,Secondary central 384-cubed-voxel evaluation box,existing5_native,Uniform final erosion (output spacing 5 voxels),4.0,28.729988070928613,0.0,0.0,GEOMETRIC_SUPPORT_ONLY,25.13992045488748,292.22872630637056,main10-V2-20231210121321
main10,V2,,20231210121321,A384,Secondary central 384-cubed-voxel evaluation box,existing5_native,Uniform final erosion (output spacing 5 voxels),8.0,28.729988070928613,0.003445303839165237,0.00011992012773063006,GEOMETRIC_SUPPORT_ONLY,25.13992045488748,292.22872630637056,main10-V2-20231210121321
main10,V2,,20230702185753,B1408,Primary 1408-cubed-voxel evaluation box,existing10_native,Uniform final erosion (output spacing 10 voxels),0.5,544.6636892741071,0.0,0.0,INCONCLUSIVE_NO_REFERENCE_INTERSECTION,267.71301760668166,2.5276485773618864,main10-V2-20230702185753
main10,V2,,20230702185753,B1408,Primary 1408-cubed-voxel evaluation box,existing10_native,Uniform final erosion (output spacing 10 voxels),1.0,544.6636892741071,0.0,0.0,INCONCLUSIVE_NO_REFERENCE_INTERSECTION,267.71301760668166,2.5276485773618864,main10-V2-20230702185753
main10,V2,,20230702185753,B1408,Primary 1408-cubed-voxel evaluation box,existing10_native,Uniform final erosion (output spacing 10 voxels),2.0,544.6636892741071,0.0,0.0,INCONCLUSIVE_NO_REFERENCE_INTERSECTION,267.71301760668166,2.5276485773618864,main10-V2-20230702185753
main10,V2,,20230702185753,B1408,Primary 1408-cubed-voxel evaluation box,existing10_native,Uniform final erosion (output spacing 10 voxels),4.0,544.6636892741071,0.0,0.0,INCONCLUSIVE_NO_REFERENCE_INTERSECTION,267.71301760668166,2.5276485773618864,main10-V2-20230702185753
main10,V2,,20230702185753,B1408,Primary 1408-cubed-voxel evaluation box,existing10_native,Uniform final erosion (output spacing 10 voxels),8.0,544.6636892741071,0.0,0.0,INCONCLUSIVE_NO_REFERENCE_INTERSECTION,267.71301760668166,2.5276485773618864,main10-V2-20230702185753
main10,V2,,20230702185753,B1408,Primary 1408-cubed-voxel evaluation box,support10_native,Fine-support finalization (output spacing 10 voxels),0.5,544.6636892741071,0.0,0.0,INCONCLUSIVE_NO_REFERENCE_INTERSECTION,304.69517732513185,4.893798480278486,main10-V2-20230702185753
main10,V2,,20230702185753,B1408,Primary 1408-cubed-voxel evaluation box,support10_native,Fine-support finalization (output spacing 10 voxels),1.0,544.6636892741071,0.0,0.0,INCONCLUSIVE_NO_REFERENCE_INTERSECTION,304.69517732513185,4.893798480278486,main10-V2-20230702185753
main10,V2,,20230702185753,B1408,Primary 1408-cubed-voxel evaluation box,support10_native,Fine-support finalization (output spacing 10 voxels),2.0,544.6636892741071,0.0,0.0,INCONCLUSIVE_NO_REFERENCE_INTERSECTION,304.69517732513185,4.893798480278486,main10-V2-20230702185753
main10,V2,,20230702185753,B1408,Primary 1408-cubed-voxel evaluation box,support10_native,Fine-support finalization (output spacing 10 voxels),4.0,544.6636892741071,0.0,0.0,INCONCLUSIVE_NO_REFERENCE_INTERSECTION,304.69517732513185,4.893798480278486,main10-V2-20230702185753
main10,V2,,20230702185753,B1408,Primary 1408-cubed-voxel evaluation box,support10_native,Fine-support finalization (output spacing 10 voxels),8.0,544.6636892741071,0.0,0.0,INCONCLUSIVE_NO_REFERENCE_INTERSECTION,304.69517732513185,4.893798480278486,main10-V2-20230702185753
main10,V2,,20230702185753,B1408,Primary 1408-cubed-voxel evaluation box,existing5_native,Uniform final erosion (output spacing 5 voxels),0.5,544.6636892741071,0.0,0.0,INCONCLUSIVE_NO_REFERENCE_INTERSECTION,312.33556742979255,5.036540784406277,main10-V2-20230702185753
main10,V2,,20230702185753,B1408,Primary 1408-cubed-voxel evaluation box,existing5_native,Uniform final erosion (output spacing 5 voxels),1.0,544.6636892741071,0.0,0.0,INCONCLUSIVE_NO_REFERENCE_INTERSECTION,312.33556742979255,5.036540784406277,main10-V2-20230702185753
main10,V2,,20230702185753,B1408,Primary 1408-cubed-voxel evaluation box,existing5_native,Uniform final erosion (output spacing 5 voxels),2.0,544.6636892741071,0.0,0.0,INCONCLUSIVE_NO_REFERENCE_INTERSECTION,312.33556742979255,5.036540784406277,main10-V2-20230702185753
main10,V2,,20230702185753,B1408,Primary 1408-cubed-voxel evaluation box,existing5_native,Uniform final erosion (output spacing 5 voxels),4.0,544.6636892741071,0.0,0.0,INCONCLUSIVE_NO_REFERENCE_INTERSECTION,312.33556742979255,5.036540784406277,main10-V2-20230702185753
main10,V2,,20230702185753,B1408,Primary 1408-cubed-voxel evaluation box,existing5_native,Uniform final erosion (output spacing 5 voxels),8.0,544.6636892741071,0.0,0.0,INCONCLUSIVE_NO_REFERENCE_INTERSECTION,312.33556742979255,5.036540784406277,main10-V2-20230702185753
main10,V2,,20230702185753,A384,Secondary central 384-cubed-voxel evaluation box,existing10_native,Uniform final erosion (output spacing 10 voxels),0.5,4.660701653253142,0.0,0.0,INCONCLUSIVE_NO_REFERENCE_INTERSECTION,22.20235999459191,248.03830618945165,main10-V2-20230702185753
main10,V2,,20230702185753,A384,Secondary central 384-cubed-voxel evaluation box,existing10_native,Uniform final erosion (output spacing 10 voxels),1.0,4.660701653253142,0.0,0.0,INCONCLUSIVE_NO_REFERENCE_INTERSECTION,22.20235999459191,248.03830618945165,main10-V2-20230702185753
main10,V2,,20230702185753,A384,Secondary central 384-cubed-voxel evaluation box,existing10_native,Uniform final erosion (output spacing 10 voxels),2.0,4.660701653253142,0.0,0.0,INCONCLUSIVE_NO_REFERENCE_INTERSECTION,22.20235999459191,248.03830618945165,main10-V2-20230702185753
main10,V2,,20230702185753,A384,Secondary central 384-cubed-voxel evaluation box,existing10_native,Uniform final erosion (output spacing 10 voxels),4.0,4.660701653253142,0.0,0.0,INCONCLUSIVE_NO_REFERENCE_INTERSECTION,22.20235999459191,248.03830618945165,main10-V2-20230702185753
main10,V2,,20230702185753,A384,Secondary central 384-cubed-voxel evaluation box,existing10_native,Uniform final erosion (output spacing 10 voxels),8.0,4.660701653253142,0.0,0.0,INCONCLUSIVE_NO_REFERENCE_INTERSECTION,22.20235999459191,248.03830618945165,main10-V2-20230702185753
main10,V2,,20230702185753,A384,Secondary central 384-cubed-voxel evaluation box,support10_native,Fine-support finalization (output spacing 10 voxels),0.5,4.660701653253142,0.0,0.0,INCONCLUSIVE_NO_REFERENCE_INTERSECTION,24.683342568679144,284.9056332367312,main10-V2-20230702185753
main10,V2,,20230702185753,A384,Secondary central 384-cubed-voxel evaluation box,support10_native,Fine-support finalization (output spacing 10 voxels),1.0,4.660701653253142,0.0,0.0,INCONCLUSIVE_NO_REFERENCE_INTERSECTION,24.683342568679144,284.9056332367312,main10-V2-20230702185753
main10,V2,,20230702185753,A384,Secondary central 384-cubed-voxel evaluation box,support10_native,Fine-support finalization (output spacing 10 voxels),2.0,4.660701653253142,0.0,0.0,INCONCLUSIVE_NO_REFERENCE_INTERSECTION,24.683342568679144,284.9056332367312,main10-V2-20230702185753
main10,V2,,20230702185753,A384,Secondary central 384-cubed-voxel evaluation box,support10_native,Fine-support finalization (output spacing 10 voxels),4.0,4.660701653253142,0.0,0.0,INCONCLUSIVE_NO_REFERENCE_INTERSECTION,24.683342568679144,284.9056332367312,main10-V2-20230702185753
main10,V2,,20230702185753,A384,Secondary central 384-cubed-voxel evaluation box,support10_native,Fine-support finalization (output spacing 10 voxels),8.0,4.660701653253142,0.0,0.0,INCONCLUSIVE_NO_REFERENCE_INTERSECTION,24.683342568679144,284.9056332367312,main10-V2-20230702185753
main10,V2,,20230702185753,A384,Secondary central 384-cubed-voxel evaluation box,existing5_native,Uniform final erosion (output spacing 5 voxels),0.5,4.660701653253142,0.0,0.0,INCONCLUSIVE_NO_REFERENCE_INTERSECTION,25.143381907828267,292.22872630637056,main10-V2-20230702185753
main10,V2,,20230702185753,A384,Secondary central 384-cubed-voxel evaluation box,existing5_native,Uniform final erosion (output spacing 5 voxels),1.0,4.660701653253142,0.0,0.0,INCONCLUSIVE_NO_REFERENCE_INTERSECTION,25.143381907828267,292.22872630637056,main10-V2-20230702185753
main10,V2,,20230702185753,A384,Secondary central 384-cubed-voxel evaluation box,existing5_native,Uniform final erosion (output spacing 5 voxels),2.0,4.660701653253142,0.0,0.0,INCONCLUSIVE_NO_REFERENCE_INTERSECTION,25.143381907828267,292.22872630637056,main10-V2-20230702185753
main10,V2,,20230702185753,A384,Secondary central 384-cubed-voxel evaluation box,existing5_native,Uniform final erosion (output spacing 5 voxels),4.0,4.660701653253142,0.0,0.0,INCONCLUSIVE_NO_REFERENCE_INTERSECTION,25.143381907828267,292.22872630637056,main10-V2-20230702185753
main10,V2,,20230702185753,A384,Secondary central 384-cubed-voxel evaluation box,existing5_native,Uniform final erosion (output spacing 5 voxels),8.0,4.660701653253142,0.0,0.0,INCONCLUSIVE_NO_REFERENCE_INTERSECTION,25.143381907828267,292.22872630637056,main10-V2-20230702185753
main10,V2,,20230929220926,B1408,Primary 1408-cubed-voxel evaluation box,existing10_native,Uniform final erosion (output spacing 10 voxels),0.5,865.678632875586,0.26259129393637476,0.00030333576914577025,GEOMETRIC_SUPPORT_ONLY,261.5005538336102,2.5276485773618864,main10-V2-20230929220926
main10,V2,,20230929220926,B1408,Primary 1408-cubed-voxel evaluation box,existing10_native,Uniform final erosion (output spacing 10 voxels),1.0,865.678632875586,0.5499280178116448,0.000635256545474514,GEOMETRIC_SUPPORT_ONLY,261.5005538336102,2.5276485773618864,main10-V2-20230929220926
main10,V2,,20230929220926,B1408,Primary 1408-cubed-voxel evaluation box,existing10_native,Uniform final erosion (output spacing 10 voxels),2.0,865.678632875586,1.2430975688975334,0.0014359804223979147,GEOMETRIC_SUPPORT_ONLY,261.5005538336102,2.5276485773618864,main10-V2-20230929220926
main10,V2,,20230929220926,B1408,Primary 1408-cubed-voxel evaluation box,existing10_native,Uniform final erosion (output spacing 10 voxels),4.0,865.678632875586,3.582088438406999,0.004137896330544883,GEOMETRIC_SUPPORT_ONLY,261.5005538336102,2.5276485773618864,main10-V2-20230929220926
main10,V2,,20230929220926,B1408,Primary 1408-cubed-voxel evaluation box,existing10_native,Uniform final erosion (output spacing 10 voxels),8.0,865.678632875586,8.877685770020857,0.01025517488000278,GEOMETRIC_SUPPORT_ONLY,261.5005538336102,2.5276485773618864,main10-V2-20230929220926
main10,V2,,20230929220926,B1408,Primary 1408-cubed-voxel evaluation box,support10_native,Fine-support finalization (output spacing 10 voxels),0.5,865.678632875586,0.37950752593772663,0.0004383930843679133,GEOMETRIC_SUPPORT_ONLY,296.2280985094281,4.893798480278486,main10-V2-20230929220926
main10,V2,,20230929220926,B1408,Primary 1408-cubed-voxel evaluation box,support10_native,Fine-support finalization (output spacing 10 voxels),1.0,865.678632875586,0.7751912287584178,0.0008954722911242596,GEOMETRIC_SUPPORT_ONLY,296.2280985094281,4.893798480278486,main10-V2-20230929220926
main10,V2,,20230929220926,B1408,Primary 1408-cubed-voxel evaluation box,support10_native,Fine-support finalization (output spacing 10 voxels),2.0,865.678632875586,1.7713941152375612,0.0020462490905584626,GEOMETRIC_SUPPORT_ONLY,296.2280985094281,4.893798480278486,main10-V2-20230929220926
main10,V2,,20230929220926,B1408,Primary 1408-cubed-voxel evaluation box,support10_native,Fine-support finalization (output spacing 10 voxels),4.0,865.678632875586,4.758538906791788,0.005496888482721368,GEOMETRIC_SUPPORT_ONLY,296.2280985094281,4.893798480278486,main10-V2-20230929220926
main10,V2,,20230929220926,B1408,Primary 1408-cubed-voxel evaluation box,support10_native,Fine-support finalization (output spacing 10 voxels),8.0,865.678632875586,11.662975439764196,0.013472638686971475,GEOMETRIC_SUPPORT_ONLY,296.2280985094281,4.893798480278486,main10-V2-20230929220926
main10,V2,,20230929220926,B1408,Primary 1408-cubed-voxel evaluation box,existing5_native,Uniform final erosion (output spacing 5 voxels),0.5,865.678632875586,0.41403408818991344,0.0004782768945267681,GEOMETRIC_SUPPORT_ONLY,303.3316843106901,5.036540784406277,main10-V2-20230929220926
main10,V2,,20230929220926,B1408,Primary 1408-cubed-voxel evaluation box,existing5_native,Uniform final erosion (output spacing 5 voxels),1.0,865.678632875586,0.8304471684167158,0.000959301912833589,GEOMETRIC_SUPPORT_ONLY,303.3316843106901,5.036540784406277,main10-V2-20230929220926
main10,V2,,20230929220926,B1408,Primary 1408-cubed-voxel evaluation box,existing5_native,Uniform final erosion (output spacing 5 voxels),2.0,865.678632875586,1.8880985856474226,0.002181061786607337,GEOMETRIC_SUPPORT_ONLY,303.3316843106901,5.036540784406277,main10-V2-20230929220926
main10,V2,,20230929220926,B1408,Primary 1408-cubed-voxel evaluation box,existing5_native,Uniform final erosion (output spacing 5 voxels),4.0,865.678632875586,4.984021802496582,0.0057573580000938734,GEOMETRIC_SUPPORT_ONLY,303.3316843106901,5.036540784406277,main10-V2-20230929220926
main10,V2,,20230929220926,B1408,Primary 1408-cubed-voxel evaluation box,existing5_native,Uniform final erosion (output spacing 5 voxels),8.0,865.678632875586,12.210927777575355,0.014105612999842044,GEOMETRIC_SUPPORT_ONLY,303.3316843106901,5.036540784406277,main10-V2-20230929220926
main10,V2,,20230929220926,A384,Secondary central 384-cubed-voxel evaluation box,existing10_native,Uniform final erosion (output spacing 10 voxels),0.5,1.0111456627312345,0.0,0.0,INCONCLUSIVE_NO_REFERENCE_INTERSECTION,22.20235999459191,248.03830618945165,main10-V2-20230929220926
main10,V2,,20230929220926,A384,Secondary central 384-cubed-voxel evaluation box,existing10_native,Uniform final erosion (output spacing 10 voxels),1.0,1.0111456627312345,0.0,0.0,INCONCLUSIVE_NO_REFERENCE_INTERSECTION,22.20235999459191,248.03830618945165,main10-V2-20230929220926
main10,V2,,20230929220926,A384,Secondary central 384-cubed-voxel evaluation box,existing10_native,Uniform final erosion (output spacing 10 voxels),2.0,1.0111456627312345,0.0,0.0,INCONCLUSIVE_NO_REFERENCE_INTERSECTION,22.20235999459191,248.03830618945165,main10-V2-20230929220926
main10,V2,,20230929220926,A384,Secondary central 384-cubed-voxel evaluation box,existing10_native,Uniform final erosion (output spacing 10 voxels),4.0,1.0111456627312345,0.0,0.0,INCONCLUSIVE_NO_REFERENCE_INTERSECTION,22.20235999459191,248.03830618945165,main10-V2-20230929220926
main10,V2,,20230929220926,A384,Secondary central 384-cubed-voxel evaluation box,existing10_native,Uniform final erosion (output spacing 10 voxels),8.0,1.0111456627312345,0.0,0.0,INCONCLUSIVE_NO_REFERENCE_INTERSECTION,22.20235999459191,248.03830618945165,main10-V2-20230929220926
main10,V2,,20230929220926,A384,Secondary central 384-cubed-voxel evaluation box,support10_native,Fine-support finalization (output spacing 10 voxels),0.5,1.0111456627312345,0.0,0.0,INCONCLUSIVE_NO_REFERENCE_INTERSECTION,24.683342568679144,284.9056332367312,main10-V2-20230929220926
main10,V2,,20230929220926,A384,Secondary central 384-cubed-voxel evaluation box,support10_native,Fine-support finalization (output spacing 10 voxels),1.0,1.0111456627312345,0.0,0.0,INCONCLUSIVE_NO_REFERENCE_INTERSECTION,24.683342568679144,284.9056332367312,main10-V2-20230929220926
main10,V2,,20230929220926,A384,Secondary central 384-cubed-voxel evaluation box,support10_native,Fine-support finalization (output spacing 10 voxels),2.0,1.0111456627312345,0.0,0.0,INCONCLUSIVE_NO_REFERENCE_INTERSECTION,24.683342568679144,284.9056332367312,main10-V2-20230929220926
main10,V2,,20230929220926,A384,Secondary central 384-cubed-voxel evaluation box,support10_native,Fine-support finalization (output spacing 10 voxels),4.0,1.0111456627312345,0.0,0.0,INCONCLUSIVE_NO_REFERENCE_INTERSECTION,24.683342568679144,284.9056332367312,main10-V2-20230929220926
main10,V2,,20230929220926,A384,Secondary central 384-cubed-voxel evaluation box,support10_native,Fine-support finalization (output spacing 10 voxels),8.0,1.0111456627312345,0.0,0.0,INCONCLUSIVE_NO_REFERENCE_INTERSECTION,24.683342568679144,284.9056332367312,main10-V2-20230929220926
main10,V2,,20230929220926,A384,Secondary central 384-cubed-voxel evaluation box,existing5_native,Uniform final erosion (output spacing 5 voxels),0.5,1.0111456627312345,0.0,0.0,INCONCLUSIVE_NO_REFERENCE_INTERSECTION,25.143381907828267,292.22872630637056,main10-V2-20230929220926
main10,V2,,20230929220926,A384,Secondary central 384-cubed-voxel evaluation box,existing5_native,Uniform final erosion (output spacing 5 voxels),1.0,1.0111456627312345,0.0,0.0,INCONCLUSIVE_NO_REFERENCE_INTERSECTION,25.143381907828267,292.22872630637056,main10-V2-20230929220926
main10,V2,,20230929220926,A384,Secondary central 384-cubed-voxel evaluation box,existing5_native,Uniform final erosion (output spacing 5 voxels),2.0,1.0111456627312345,0.0,0.0,INCONCLUSIVE_NO_REFERENCE_INTERSECTION,25.143381907828267,292.22872630637056,main10-V2-20230929220926
main10,V2,,20230929220926,A384,Secondary central 384-cubed-voxel evaluation box,existing5_native,Uniform final erosion (output spacing 5 voxels),4.0,1.0111456627312345,0.0,0.0,INCONCLUSIVE_NO_REFERENCE_INTERSECTION,25.143381907828267,292.22872630637056,main10-V2-20230929220926
main10,V2,,20230929220926,A384,Secondary central 384-cubed-voxel evaluation box,existing5_native,Uniform final erosion (output spacing 5 voxels),8.0,1.0111456627312345,0.0,0.0,INCONCLUSIVE_NO_REFERENCE_INTERSECTION,25.143381907828267,292.22872630637056,main10-V2-20230929220926
main10,V3,,20231210121321,B1408,Primary 1408-cubed-voxel evaluation box,existing10_native,Uniform final erosion (output spacing 10 voxels),0.5,378.7810149581011,0.670547018769392,0.0017702762078600077,GEOMETRIC_SUPPORT_ONLY,92.12635102901797,0.920402573640206,main10-V3-20231210121321
main10,V3,,20231210121321,B1408,Primary 1408-cubed-voxel evaluation box,existing10_native,Uniform final erosion (output spacing 10 voxels),1.0,378.7810149581011,1.6481165598036926,0.004351106562154387,GEOMETRIC_SUPPORT_ONLY,92.12635102901797,0.920402573640206,main10-V3-20231210121321
main10,V3,,20231210121321,B1408,Primary 1408-cubed-voxel evaluation box,existing10_native,Uniform final erosion (output spacing 10 voxels),2.0,378.7810149581011,3.719996985630173,0.009820970003054829,GEOMETRIC_SUPPORT_ONLY,92.12635102901797,0.920402573640206,main10-V3-20231210121321
main10,V3,,20231210121321,B1408,Primary 1408-cubed-voxel evaluation box,existing10_native,Uniform final erosion (output spacing 10 voxels),4.0,378.7810149581011,9.997461175675543,0.02639377577247744,GEOMETRIC_SUPPORT_ONLY,92.12635102901797,0.920402573640206,main10-V3-20231210121321
main10,V3,,20231210121321,B1408,Primary 1408-cubed-voxel evaluation box,existing10_native,Uniform final erosion (output spacing 10 voxels),8.0,378.7810149581011,14.614480398514065,0.03858292739442247,GEOMETRIC_SUPPORT_ONLY,92.12635102901797,0.920402573640206,main10-V3-20231210121321
main10,V3,,20231210121321,B1408,Primary 1408-cubed-voxel evaluation box,support10_native,Fine-support finalization (output spacing 10 voxels),0.5,378.7810149581011,0.8566758298179118,0.0022616651732470625,GEOMETRIC_SUPPORT_ONLY,109.93421178277099,2.0082780592170453,main10-V3-20231210121321
main10,V3,,20231210121321,B1408,Primary 1408-cubed-voxel evaluation box,support10_native,Fine-support finalization (output spacing 10 voxels),1.0,378.7810149581011,1.958861786521217,0.005171488826434178,GEOMETRIC_SUPPORT_ONLY,109.93421178277099,2.0082780592170453,main10-V3-20231210121321
main10,V3,,20231210121321,B1408,Primary 1408-cubed-voxel evaluation box,support10_native,Fine-support finalization (output spacing 10 voxels),2.0,378.7810149581011,4.28344221369253,0.011308492359804105,GEOMETRIC_SUPPORT_ONLY,109.93421178277099,2.0082780592170453,main10-V3-20231210121321
main10,V3,,20231210121321,B1408,Primary 1408-cubed-voxel evaluation box,support10_native,Fine-support finalization (output spacing 10 voxels),4.0,378.7810149581011,11.103839388024985,0.029314667181123737,GEOMETRIC_SUPPORT_ONLY,109.93421178277099,2.0082780592170453,main10-V3-20231210121321
main10,V3,,20231210121321,B1408,Primary 1408-cubed-voxel evaluation box,support10_native,Fine-support finalization (output spacing 10 voxels),8.0,378.7810149581011,16.09744873541513,0.04249803474758563,GEOMETRIC_SUPPORT_ONLY,109.93421178277099,2.0082780592170453,main10-V3-20231210121321
main10,V3,,20231210121321,B1408,Primary 1408-cubed-voxel evaluation box,existing5_native,Uniform final erosion (output spacing 5 voxels),0.5,378.7810149581011,0.9570239961220931,0.0025265891328475226,GEOMETRIC_SUPPORT_ONLY,113.5155129086621,2.2131369313145712,main10-V3-20231210121321
main10,V3,,20231210121321,B1408,Primary 1408-cubed-voxel evaluation box,existing5_native,Uniform final erosion (output spacing 5 voxels),1.0,378.7810149581011,2.0722641637518566,0.005470876527381079,GEOMETRIC_SUPPORT_ONLY,113.5155129086621,2.2131369313145712,main10-V3-20231210121321
main10,V3,,20231210121321,B1408,Primary 1408-cubed-voxel evaluation box,existing5_native,Uniform final erosion (output spacing 5 voxels),2.0,378.7810149581011,4.557785920629397,0.012032772870450112,GEOMETRIC_SUPPORT_ONLY,113.5155129086621,2.2131369313145712,main10-V3-20231210121321
main10,V3,,20231210121321,B1408,Primary 1408-cubed-voxel evaluation box,existing5_native,Uniform final erosion (output spacing 5 voxels),4.0,378.7810149581011,11.38993300629581,0.030069968019795577,GEOMETRIC_SUPPORT_ONLY,113.5155129086621,2.2131369313145712,main10-V3-20231210121321
main10,V3,,20231210121321,B1408,Primary 1408-cubed-voxel evaluation box,existing5_native,Uniform final erosion (output spacing 5 voxels),8.0,378.7810149581011,16.421231418288635,0.043352836519816265,GEOMETRIC_SUPPORT_ONLY,113.5155129086621,2.2131369313145712,main10-V3-20231210121321
main10,V3,,20231210121321,A384,Secondary central 384-cubed-voxel evaluation box,existing10_native,Uniform final erosion (output spacing 10 voxels),0.5,16.781431773781257,0.0,0.0,INCONCLUSIVE_NO_REFERENCE_INTERSECTION,1.221330303262882,104.46431293445328,main10-V3-20231210121321
main10,V3,,20231210121321,A384,Secondary central 384-cubed-voxel evaluation box,existing10_native,Uniform final erosion (output spacing 10 voxels),1.0,16.781431773781257,0.0,0.0,INCONCLUSIVE_NO_REFERENCE_INTERSECTION,1.221330303262882,104.46431293445328,main10-V3-20231210121321
main10,V3,,20231210121321,A384,Secondary central 384-cubed-voxel evaluation box,existing10_native,Uniform final erosion (output spacing 10 voxels),2.0,16.781431773781257,0.0,0.0,INCONCLUSIVE_NO_REFERENCE_INTERSECTION,1.221330303262882,104.46431293445328,main10-V3-20231210121321
main10,V3,,20231210121321,A384,Secondary central 384-cubed-voxel evaluation box,existing10_native,Uniform final erosion (output spacing 10 voxels),4.0,16.781431773781257,0.0,0.0,INCONCLUSIVE_NO_REFERENCE_INTERSECTION,1.221330303262882,104.46431293445328,main10-V3-20231210121321
main10,V3,,20231210121321,A384,Secondary central 384-cubed-voxel evaluation box,existing10_native,Uniform final erosion (output spacing 10 voxels),8.0,16.781431773781257,0.0,0.0,INCONCLUSIVE_NO_REFERENCE_INTERSECTION,1.221330303262882,104.46431293445328,main10-V3-20231210121321
main10,V3,,20231210121321,A384,Secondary central 384-cubed-voxel evaluation box,support10_native,Fine-support finalization (output spacing 10 voxels),0.5,16.781431773781257,0.0,0.0,GEOMETRIC_SUPPORT_ONLY,1.475055150017735,124.60887169666812,main10-V3-20231210121321
main10,V3,,20231210121321,A384,Secondary central 384-cubed-voxel evaluation box,support10_native,Fine-support finalization (output spacing 10 voxels),1.0,16.781431773781257,0.0,0.0,GEOMETRIC_SUPPORT_ONLY,1.475055150017735,124.60887169666812,main10-V3-20231210121321
main10,V3,,20231210121321,A384,Secondary central 384-cubed-voxel evaluation box,support10_native,Fine-support finalization (output spacing 10 voxels),2.0,16.781431773781257,0.0,0.0,GEOMETRIC_SUPPORT_ONLY,1.475055150017735,124.60887169666812,main10-V3-20231210121321
main10,V3,,20231210121321,A384,Secondary central 384-cubed-voxel evaluation box,support10_native,Fine-support finalization (output spacing 10 voxels),4.0,16.781431773781257,0.004491070804669999,0.000267621432140653,GEOMETRIC_SUPPORT_ONLY,1.475055150017735,124.60887169666812,main10-V3-20231210121321
main10,V3,,20231210121321,A384,Secondary central 384-cubed-voxel evaluation box,support10_native,Fine-support finalization (output spacing 10 voxels),8.0,16.781431773781257,0.0427289013851994,0.0025462011800421935,GEOMETRIC_SUPPORT_ONLY,1.475055150017735,124.60887169666812,main10-V3-20231210121321
main10,V3,,20231210121321,A384,Secondary central 384-cubed-voxel evaluation box,existing5_native,Uniform final erosion (output spacing 5 voxels),0.5,16.781431773781257,0.0,0.0,INCONCLUSIVE_NO_REFERENCE_INTERSECTION,1.563316016507178,128.61465499782486,main10-V3-20231210121321
main10,V3,,20231210121321,A384,Secondary central 384-cubed-voxel evaluation box,existing5_native,Uniform final erosion (output spacing 5 voxels),1.0,16.781431773781257,0.0,0.0,INCONCLUSIVE_NO_REFERENCE_INTERSECTION,1.563316016507178,128.61465499782486,main10-V3-20231210121321
main10,V3,,20231210121321,A384,Secondary central 384-cubed-voxel evaluation box,existing5_native,Uniform final erosion (output spacing 5 voxels),2.0,16.781431773781257,0.0,0.0,INCONCLUSIVE_NO_REFERENCE_INTERSECTION,1.563316016507178,128.61465499782486,main10-V3-20231210121321
main10,V3,,20231210121321,A384,Secondary central 384-cubed-voxel evaluation box,existing5_native,Uniform final erosion (output spacing 5 voxels),4.0,16.781431773781257,0.0,0.0,INCONCLUSIVE_NO_REFERENCE_INTERSECTION,1.563316016507178,128.61465499782486,main10-V3-20231210121321
main10,V3,,20231210121321,A384,Secondary central 384-cubed-voxel evaluation box,existing5_native,Uniform final erosion (output spacing 5 voxels),8.0,16.781431773781257,0.0,0.0,INCONCLUSIVE_NO_REFERENCE_INTERSECTION,1.563316016507178,128.61465499782486,main10-V3-20231210121321
main10,V3,,20230702185753,B1408,Primary 1408-cubed-voxel evaluation box,existing10_native,Uniform final erosion (output spacing 10 voxels),0.5,484.18074709409194,1.985607250865743,0.004100962838325902,GEOMETRIC_SUPPORT_ONLY,90.50897988711156,0.920402573640206,main10-V3-20230702185753
main10,V3,,20230702185753,B1408,Primary 1408-cubed-voxel evaluation box,existing10_native,Uniform final erosion (output spacing 10 voxels),1.0,484.18074709409194,3.9702173894246067,0.008199866296321497,GEOMETRIC_SUPPORT_ONLY,90.50897988711156,0.920402573640206,main10-V3-20230702185753
main10,V3,,20230702185753,B1408,Primary 1408-cubed-voxel evaluation box,existing10_native,Uniform final erosion (output spacing 10 voxels),2.0,484.18074709409194,8.29108930365881,0.017123954955704967,GEOMETRIC_SUPPORT_ONLY,90.50897988711156,0.920402573640206,main10-V3-20230702185753
main10,V3,,20230702185753,B1408,Primary 1408-cubed-voxel evaluation box,existing10_native,Uniform final erosion (output spacing 10 voxels),4.0,484.18074709409194,13.92641993016813,0.02876285357018084,GEOMETRIC_SUPPORT_ONLY,90.50897988711156,0.920402573640206,main10-V3-20230702185753
main10,V3,,20230702185753,B1408,Primary 1408-cubed-voxel evaluation box,existing10_native,Uniform final erosion (output spacing 10 voxels),8.0,484.18074709409194,16.003788636773468,0.03305333541827803,GEOMETRIC_SUPPORT_ONLY,90.50897988711156,0.920402573640206,main10-V3-20230702185753
main10,V3,,20230702185753,B1408,Primary 1408-cubed-voxel evaluation box,support10_native,Fine-support finalization (output spacing 10 voxels),0.5,484.18074709409194,2.3392890468591148,0.004831437559008341,GEOMETRIC_SUPPORT_ONLY,108.07001211511655,2.0082780592170453,main10-V3-20230702185753
main10,V3,,20230702185753,B1408,Primary 1408-cubed-voxel evaluation box,support10_native,Fine-support finalization (output spacing 10 voxels),1.0,484.18074709409194,4.600906770980759,0.009502457085693774,GEOMETRIC_SUPPORT_ONLY,108.07001211511655,2.0082780592170453,main10-V3-20230702185753
main10,V3,,20230702185753,B1408,Primary 1408-cubed-voxel evaluation box,support10_native,Fine-support finalization (output spacing 10 voxels),2.0,484.18074709409194,9.298919951228985,0.019205472351055512,GEOMETRIC_SUPPORT_ONLY,108.07001211511655,2.0082780592170453,main10-V3-20230702185753
main10,V3,,20230702185753,B1408,Primary 1408-cubed-voxel evaluation box,support10_native,Fine-support finalization (output spacing 10 voxels),4.0,484.18074709409194,15.427895358288037,0.031863917454135984,GEOMETRIC_SUPPORT_ONLY,108.07001211511655,2.0082780592170453,main10-V3-20230702185753
main10,V3,,20230702185753,B1408,Primary 1408-cubed-voxel evaluation box,support10_native,Fine-support finalization (output spacing 10 voxels),8.0,484.18074709409194,17.85602571868587,0.03687884292354125,GEOMETRIC_SUPPORT_ONLY,108.07001211511655,2.0082780592170453,main10-V3-20230702185753
main10,V3,,20230702185753,B1408,Primary 1408-cubed-voxel evaluation box,existing5_native,Uniform final erosion (output spacing 5 voxels),0.5,484.18074709409194,2.4121321488816587,0.004981883652661851,GEOMETRIC_SUPPORT_ONLY,111.7635647782512,2.2131369313145712,main10-V3-20230702185753
main10,V3,,20230702185753,B1408,Primary 1408-cubed-voxel evaluation box,existing5_native,Uniform final erosion (output spacing 5 voxels),1.0,484.18074709409194,4.858234918845306,0.010033928337718876,GEOMETRIC_SUPPORT_ONLY,111.7635647782512,2.2131369313145712,main10-V3-20230702185753
main10,V3,,20230702185753,B1408,Primary 1408-cubed-voxel evaluation box,existing5_native,Uniform final erosion (output spacing 5 voxels),2.0,484.18074709409194,9.499336600634015,0.019619401757806753,GEOMETRIC_SUPPORT_ONLY,111.7635647782512,2.2131369313145712,main10-V3-20230702185753
main10,V3,,20230702185753,B1408,Primary 1408-cubed-voxel evaluation box,existing5_native,Uniform final erosion (output spacing 5 voxels),4.0,484.18074709409194,15.585052180020012,0.03218850041757512,GEOMETRIC_SUPPORT_ONLY,111.7635647782512,2.2131369313145712,main10-V3-20230702185753
main10,V3,,20230702185753,B1408,Primary 1408-cubed-voxel evaluation box,existing5_native,Uniform final erosion (output spacing 5 voxels),8.0,484.18074709409194,18.070183465309352,0.03732115242863577,GEOMETRIC_SUPPORT_ONLY,111.7635647782512,2.2131369313145712,main10-V3-20230702185753
main10,V3,,20230702185753,A384,Secondary central 384-cubed-voxel evaluation box,existing10_native,Uniform final erosion (output spacing 10 voxels),0.5,0.0,0.0,NA,INSUFFICIENT_REFERENCE,1.221330303262882,104.46431293445328,main10-V3-20230702185753
main10,V3,,20230702185753,A384,Secondary central 384-cubed-voxel evaluation box,existing10_native,Uniform final erosion (output spacing 10 voxels),1.0,0.0,0.0,NA,INSUFFICIENT_REFERENCE,1.221330303262882,104.46431293445328,main10-V3-20230702185753
main10,V3,,20230702185753,A384,Secondary central 384-cubed-voxel evaluation box,existing10_native,Uniform final erosion (output spacing 10 voxels),2.0,0.0,0.0,NA,INSUFFICIENT_REFERENCE,1.221330303262882,104.46431293445328,main10-V3-20230702185753
main10,V3,,20230702185753,A384,Secondary central 384-cubed-voxel evaluation box,existing10_native,Uniform final erosion (output spacing 10 voxels),4.0,0.0,0.0,NA,INSUFFICIENT_REFERENCE,1.221330303262882,104.46431293445328,main10-V3-20230702185753
main10,V3,,20230702185753,A384,Secondary central 384-cubed-voxel evaluation box,existing10_native,Uniform final erosion (output spacing 10 voxels),8.0,0.0,0.0,NA,INSUFFICIENT_REFERENCE,1.221330303262882,104.46431293445328,main10-V3-20230702185753
main10,V3,,20230702185753,A384,Secondary central 384-cubed-voxel evaluation box,support10_native,Fine-support finalization (output spacing 10 voxels),0.5,0.0,0.0,NA,INSUFFICIENT_REFERENCE,1.484267981050494,124.60887169666812,main10-V3-20230702185753
main10,V3,,20230702185753,A384,Secondary central 384-cubed-voxel evaluation box,support10_native,Fine-support finalization (output spacing 10 voxels),1.0,0.0,0.0,NA,INSUFFICIENT_REFERENCE,1.484267981050494,124.60887169666812,main10-V3-20230702185753
main10,V3,,20230702185753,A384,Secondary central 384-cubed-voxel evaluation box,support10_native,Fine-support finalization (output spacing 10 voxels),2.0,0.0,0.0,NA,INSUFFICIENT_REFERENCE,1.484267981050494,124.60887169666812,main10-V3-20230702185753
main10,V3,,20230702185753,A384,Secondary central 384-cubed-voxel evaluation box,support10_native,Fine-support finalization (output spacing 10 voxels),4.0,0.0,0.0,NA,INSUFFICIENT_REFERENCE,1.484267981050494,124.60887169666812,main10-V3-20230702185753
main10,V3,,20230702185753,A384,Secondary central 384-cubed-voxel evaluation box,support10_native,Fine-support finalization (output spacing 10 voxels),8.0,0.0,0.0,NA,INSUFFICIENT_REFERENCE,1.484267981050494,124.60887169666812,main10-V3-20230702185753
main10,V3,,20230702185753,A384,Secondary central 384-cubed-voxel evaluation box,existing5_native,Uniform final erosion (output spacing 5 voxels),0.5,0.0,0.0,NA,INSUFFICIENT_REFERENCE,1.563316016507178,128.61465499782486,main10-V3-20230702185753
main10,V3,,20230702185753,A384,Secondary central 384-cubed-voxel evaluation box,existing5_native,Uniform final erosion (output spacing 5 voxels),1.0,0.0,0.0,NA,INSUFFICIENT_REFERENCE,1.563316016507178,128.61465499782486,main10-V3-20230702185753
main10,V3,,20230702185753,A384,Secondary central 384-cubed-voxel evaluation box,existing5_native,Uniform final erosion (output spacing 5 voxels),2.0,0.0,0.0,NA,INSUFFICIENT_REFERENCE,1.563316016507178,128.61465499782486,main10-V3-20230702185753
main10,V3,,20230702185753,A384,Secondary central 384-cubed-voxel evaluation box,existing5_native,Uniform final erosion (output spacing 5 voxels),4.0,0.0,0.0,NA,INSUFFICIENT_REFERENCE,1.563316016507178,128.61465499782486,main10-V3-20230702185753
main10,V3,,20230702185753,A384,Secondary central 384-cubed-voxel evaluation box,existing5_native,Uniform final erosion (output spacing 5 voxels),8.0,0.0,0.0,NA,INSUFFICIENT_REFERENCE,1.563316016507178,128.61465499782486,main10-V3-20230702185753
main10,V3,,20230929220926,B1408,Primary 1408-cubed-voxel evaluation box,existing10_native,Uniform final erosion (output spacing 10 voxels),0.5,719.4566034358165,0.0,0.0,INCONCLUSIVE_NO_REFERENCE_INTERSECTION,104.76524066407595,0.920402573640206,main10-V3-20230929220926
main10,V3,,20230929220926,B1408,Primary 1408-cubed-voxel evaluation box,existing10_native,Uniform final erosion (output spacing 10 voxels),1.0,719.4566034358165,0.0,0.0,INCONCLUSIVE_NO_REFERENCE_INTERSECTION,104.76524066407595,0.920402573640206,main10-V3-20230929220926
main10,V3,,20230929220926,B1408,Primary 1408-cubed-voxel evaluation box,existing10_native,Uniform final erosion (output spacing 10 voxels),2.0,719.4566034358165,0.0,0.0,INCONCLUSIVE_NO_REFERENCE_INTERSECTION,104.76524066407595,0.920402573640206,main10-V3-20230929220926
main10,V3,,20230929220926,B1408,Primary 1408-cubed-voxel evaluation box,existing10_native,Uniform final erosion (output spacing 10 voxels),4.0,719.4566034358165,0.0,0.0,INCONCLUSIVE_NO_REFERENCE_INTERSECTION,104.76524066407595,0.920402573640206,main10-V3-20230929220926
main10,V3,,20230929220926,B1408,Primary 1408-cubed-voxel evaluation box,existing10_native,Uniform final erosion (output spacing 10 voxels),8.0,719.4566034358165,0.0,0.0,INCONCLUSIVE_NO_REFERENCE_INTERSECTION,104.76524066407595,0.920402573640206,main10-V3-20230929220926
main10,V3,,20230929220926,B1408,Primary 1408-cubed-voxel evaluation box,support10_native,Fine-support finalization (output spacing 10 voxels),0.5,719.4566034358165,0.0,0.0,INCONCLUSIVE_NO_REFERENCE_INTERSECTION,124.08486161850156,2.0082780592170453,main10-V3-20230929220926
main10,V3,,20230929220926,B1408,Primary 1408-cubed-voxel evaluation box,support10_native,Fine-support finalization (output spacing 10 voxels),1.0,719.4566034358165,0.0,0.0,INCONCLUSIVE_NO_REFERENCE_INTERSECTION,124.08486161850156,2.0082780592170453,main10-V3-20230929220926
main10,V3,,20230929220926,B1408,Primary 1408-cubed-voxel evaluation box,support10_native,Fine-support finalization (output spacing 10 voxels),2.0,719.4566034358165,0.0,0.0,INCONCLUSIVE_NO_REFERENCE_INTERSECTION,124.08486161850156,2.0082780592170453,main10-V3-20230929220926
main10,V3,,20230929220926,B1408,Primary 1408-cubed-voxel evaluation box,support10_native,Fine-support finalization (output spacing 10 voxels),4.0,719.4566034358165,0.0,0.0,INCONCLUSIVE_NO_REFERENCE_INTERSECTION,124.08486161850156,2.0082780592170453,main10-V3-20230929220926
main10,V3,,20230929220926,B1408,Primary 1408-cubed-voxel evaluation box,support10_native,Fine-support finalization (output spacing 10 voxels),8.0,719.4566034358165,0.0,0.0,INCONCLUSIVE_NO_REFERENCE_INTERSECTION,124.08486161850156,2.0082780592170453,main10-V3-20230929220926
main10,V3,,20230929220926,B1408,Primary 1408-cubed-voxel evaluation box,existing5_native,Uniform final erosion (output spacing 5 voxels),0.5,719.4566034358165,0.0,0.0,INCONCLUSIVE_NO_REFERENCE_INTERSECTION,127.96483408301746,2.2131369313145712,main10-V3-20230929220926
main10,V3,,20230929220926,B1408,Primary 1408-cubed-voxel evaluation box,existing5_native,Uniform final erosion (output spacing 5 voxels),1.0,719.4566034358165,0.0,0.0,INCONCLUSIVE_NO_REFERENCE_INTERSECTION,127.96483408301746,2.2131369313145712,main10-V3-20230929220926
main10,V3,,20230929220926,B1408,Primary 1408-cubed-voxel evaluation box,existing5_native,Uniform final erosion (output spacing 5 voxels),2.0,719.4566034358165,0.0,0.0,INCONCLUSIVE_NO_REFERENCE_INTERSECTION,127.96483408301746,2.2131369313145712,main10-V3-20230929220926
main10,V3,,20230929220926,B1408,Primary 1408-cubed-voxel evaluation box,existing5_native,Uniform final erosion (output spacing 5 voxels),4.0,719.4566034358165,0.0,0.0,INCONCLUSIVE_NO_REFERENCE_INTERSECTION,127.96483408301746,2.2131369313145712,main10-V3-20230929220926
main10,V3,,20230929220926,B1408,Primary 1408-cubed-voxel evaluation box,existing5_native,Uniform final erosion (output spacing 5 voxels),8.0,719.4566034358165,0.0,0.0,INCONCLUSIVE_NO_REFERENCE_INTERSECTION,127.96483408301746,2.2131369313145712,main10-V3-20230929220926
main10,V3,,20230929220926,A384,Secondary central 384-cubed-voxel evaluation box,existing10_native,Uniform final erosion (output spacing 10 voxels),0.5,51.20759100762684,0.0,0.0,INCONCLUSIVE_NO_REFERENCE_INTERSECTION,1.221330303262882,104.46431293445328,main10-V3-20230929220926
main10,V3,,20230929220926,A384,Secondary central 384-cubed-voxel evaluation box,existing10_native,Uniform final erosion (output spacing 10 voxels),1.0,51.20759100762684,0.0,0.0,INCONCLUSIVE_NO_REFERENCE_INTERSECTION,1.221330303262882,104.46431293445328,main10-V3-20230929220926
main10,V3,,20230929220926,A384,Secondary central 384-cubed-voxel evaluation box,existing10_native,Uniform final erosion (output spacing 10 voxels),2.0,51.20759100762684,0.0,0.0,INCONCLUSIVE_NO_REFERENCE_INTERSECTION,1.221330303262882,104.46431293445328,main10-V3-20230929220926
main10,V3,,20230929220926,A384,Secondary central 384-cubed-voxel evaluation box,existing10_native,Uniform final erosion (output spacing 10 voxels),4.0,51.20759100762684,0.0,0.0,INCONCLUSIVE_NO_REFERENCE_INTERSECTION,1.221330303262882,104.46431293445328,main10-V3-20230929220926
main10,V3,,20230929220926,A384,Secondary central 384-cubed-voxel evaluation box,existing10_native,Uniform final erosion (output spacing 10 voxels),8.0,51.20759100762684,0.0,0.0,INCONCLUSIVE_NO_REFERENCE_INTERSECTION,1.221330303262882,104.46431293445328,main10-V3-20230929220926
main10,V3,,20230929220926,A384,Secondary central 384-cubed-voxel evaluation box,support10_native,Fine-support finalization (output spacing 10 voxels),0.5,51.20759100762684,0.0,0.0,INCONCLUSIVE_NO_REFERENCE_INTERSECTION,1.484267981050494,124.60887169666812,main10-V3-20230929220926
main10,V3,,20230929220926,A384,Secondary central 384-cubed-voxel evaluation box,support10_native,Fine-support finalization (output spacing 10 voxels),1.0,51.20759100762684,0.0,0.0,INCONCLUSIVE_NO_REFERENCE_INTERSECTION,1.484267981050494,124.60887169666812,main10-V3-20230929220926
main10,V3,,20230929220926,A384,Secondary central 384-cubed-voxel evaluation box,support10_native,Fine-support finalization (output spacing 10 voxels),2.0,51.20759100762684,0.0,0.0,INCONCLUSIVE_NO_REFERENCE_INTERSECTION,1.484267981050494,124.60887169666812,main10-V3-20230929220926
main10,V3,,20230929220926,A384,Secondary central 384-cubed-voxel evaluation box,support10_native,Fine-support finalization (output spacing 10 voxels),4.0,51.20759100762684,0.0,0.0,INCONCLUSIVE_NO_REFERENCE_INTERSECTION,1.484267981050494,124.60887169666812,main10-V3-20230929220926
main10,V3,,20230929220926,A384,Secondary central 384-cubed-voxel evaluation box,support10_native,Fine-support finalization (output spacing 10 voxels),8.0,51.20759100762684,0.0,0.0,INCONCLUSIVE_NO_REFERENCE_INTERSECTION,1.484267981050494,124.60887169666812,main10-V3-20230929220926
main10,V3,,20230929220926,A384,Secondary central 384-cubed-voxel evaluation box,existing5_native,Uniform final erosion (output spacing 5 voxels),0.5,51.20759100762684,0.0,0.0,INCONCLUSIVE_NO_REFERENCE_INTERSECTION,1.563316016507178,128.61465499782486,main10-V3-20230929220926
main10,V3,,20230929220926,A384,Secondary central 384-cubed-voxel evaluation box,existing5_native,Uniform final erosion (output spacing 5 voxels),1.0,51.20759100762684,0.0,0.0,INCONCLUSIVE_NO_REFERENCE_INTERSECTION,1.563316016507178,128.61465499782486,main10-V3-20230929220926
main10,V3,,20230929220926,A384,Secondary central 384-cubed-voxel evaluation box,existing5_native,Uniform final erosion (output spacing 5 voxels),2.0,51.20759100762684,0.0,0.0,INCONCLUSIVE_NO_REFERENCE_INTERSECTION,1.563316016507178,128.61465499782486,main10-V3-20230929220926
main10,V3,,20230929220926,A384,Secondary central 384-cubed-voxel evaluation box,existing5_native,Uniform final erosion (output spacing 5 voxels),4.0,51.20759100762684,0.0,0.0,INCONCLUSIVE_NO_REFERENCE_INTERSECTION,1.563316016507178,128.61465499782486,main10-V3-20230929220926
main10,V3,,20230929220926,A384,Secondary central 384-cubed-voxel evaluation box,existing5_native,Uniform final erosion (output spacing 5 voxels),8.0,51.20759100762684,0.0,0.0,INCONCLUSIVE_NO_REFERENCE_INTERSECTION,1.563316016507178,128.61465499782486,main10-V3-20230929220926
spacing5-mechanism,V1,V1-P06,20231210121321,B1408,Primary 1408-cubed-voxel evaluation box,original5,Uniform final erosion (output spacing 5 voxels),0.5,504.74052537962086,0.0,0.0,INCONCLUSIVE_NO_REFERENCE_INTERSECTION,1.0326536818544825,0.28241099181818585,spacing5-mechanism-20231210121321
spacing5-mechanism,V1,V1-P06,20231210121321,B1408,Primary 1408-cubed-voxel evaluation box,original5,Uniform final erosion (output spacing 5 voxels),1.0,504.74052537962086,0.0,0.0,INCONCLUSIVE_NO_REFERENCE_INTERSECTION,1.0326536818544825,0.28241099181818585,spacing5-mechanism-20231210121321
spacing5-mechanism,V1,V1-P06,20231210121321,B1408,Primary 1408-cubed-voxel evaluation box,original5,Uniform final erosion (output spacing 5 voxels),2.0,504.74052537962086,0.0,0.0,INCONCLUSIVE_NO_REFERENCE_INTERSECTION,1.0326536818544825,0.28241099181818585,spacing5-mechanism-20231210121321
spacing5-mechanism,V1,V1-P06,20231210121321,B1408,Primary 1408-cubed-voxel evaluation box,original5,Uniform final erosion (output spacing 5 voxels),4.0,504.74052537962086,0.0,0.0,INCONCLUSIVE_NO_REFERENCE_INTERSECTION,1.0326536818544825,0.28241099181818585,spacing5-mechanism-20231210121321
spacing5-mechanism,V1,V1-P06,20231210121321,B1408,Primary 1408-cubed-voxel evaluation box,original5,Uniform final erosion (output spacing 5 voxels),8.0,504.74052537962086,0.0,0.0,INCONCLUSIVE_NO_REFERENCE_INTERSECTION,1.0326536818544825,0.28241099181818585,spacing5-mechanism-20231210121321
spacing5-mechanism,V1,V1-P06,20231210121321,B1408,Primary 1408-cubed-voxel evaluation box,support5,Fine-support finalization (output spacing 5 voxels),0.5,504.74052537962086,0.0,0.0,INCONCLUSIVE_NO_REFERENCE_INTERSECTION,1.2323773537138605,0.3662255595755399,spacing5-mechanism-20231210121321
spacing5-mechanism,V1,V1-P06,20231210121321,B1408,Primary 1408-cubed-voxel evaluation box,support5,Fine-support finalization (output spacing 5 voxels),1.0,504.74052537962086,0.0,0.0,INCONCLUSIVE_NO_REFERENCE_INTERSECTION,1.2323773537138605,0.3662255595755399,spacing5-mechanism-20231210121321
spacing5-mechanism,V1,V1-P06,20231210121321,B1408,Primary 1408-cubed-voxel evaluation box,support5,Fine-support finalization (output spacing 5 voxels),2.0,504.74052537962086,0.0,0.0,INCONCLUSIVE_NO_REFERENCE_INTERSECTION,1.2323773537138605,0.3662255595755399,spacing5-mechanism-20231210121321
spacing5-mechanism,V1,V1-P06,20231210121321,B1408,Primary 1408-cubed-voxel evaluation box,support5,Fine-support finalization (output spacing 5 voxels),4.0,504.74052537962086,0.0,0.0,INCONCLUSIVE_NO_REFERENCE_INTERSECTION,1.2323773537138605,0.3662255595755399,spacing5-mechanism-20231210121321
spacing5-mechanism,V1,V1-P06,20231210121321,B1408,Primary 1408-cubed-voxel evaluation box,support5,Fine-support finalization (output spacing 5 voxels),8.0,504.74052537962086,0.0,0.0,INCONCLUSIVE_NO_REFERENCE_INTERSECTION,1.2323773537138605,0.3662255595755399,spacing5-mechanism-20231210121321
spacing5-mechanism,V1,V1-P06,20231210121321,B1408,Primary 1408-cubed-voxel evaluation box,original2_5,Uniform final erosion (output spacing 2.5 voxels),0.5,504.74052537962086,0.0,0.0,INCONCLUSIVE_NO_REFERENCE_INTERSECTION,1.2728726273751454,0.3593096082231504,spacing5-mechanism-20231210121321
spacing5-mechanism,V1,V1-P06,20231210121321,B1408,Primary 1408-cubed-voxel evaluation box,original2_5,Uniform final erosion (output spacing 2.5 voxels),1.0,504.74052537962086,0.0,0.0,INCONCLUSIVE_NO_REFERENCE_INTERSECTION,1.2728726273751454,0.3593096082231504,spacing5-mechanism-20231210121321
spacing5-mechanism,V1,V1-P06,20231210121321,B1408,Primary 1408-cubed-voxel evaluation box,original2_5,Uniform final erosion (output spacing 2.5 voxels),2.0,504.74052537962086,0.0,0.0,INCONCLUSIVE_NO_REFERENCE_INTERSECTION,1.2728726273751454,0.3593096082231504,spacing5-mechanism-20231210121321
spacing5-mechanism,V1,V1-P06,20231210121321,B1408,Primary 1408-cubed-voxel evaluation box,original2_5,Uniform final erosion (output spacing 2.5 voxels),4.0,504.74052537962086,0.0,0.0,INCONCLUSIVE_NO_REFERENCE_INTERSECTION,1.2728726273751454,0.3593096082231504,spacing5-mechanism-20231210121321
spacing5-mechanism,V1,V1-P06,20231210121321,B1408,Primary 1408-cubed-voxel evaluation box,original2_5,Uniform final erosion (output spacing 2.5 voxels),8.0,504.74052537962086,0.0,0.0,INCONCLUSIVE_NO_REFERENCE_INTERSECTION,1.2728726273751454,0.3593096082231504,spacing5-mechanism-20231210121321
spacing5-mechanism,V1,V1-P10,20231210121321,B1408,Primary 1408-cubed-voxel evaluation box,original5,Uniform final erosion (output spacing 5 voxels),0.5,504.74052537962086,0.0,0.0,INCONCLUSIVE_NO_REFERENCE_INTERSECTION,39.21439240700181,0.0,spacing5-mechanism-20231210121321
spacing5-mechanism,V1,V1-P10,20231210121321,B1408,Primary 1408-cubed-voxel evaluation box,original5,Uniform final erosion (output spacing 5 voxels),1.0,504.74052537962086,0.0,0.0,INCONCLUSIVE_NO_REFERENCE_INTERSECTION,39.21439240700181,0.0,spacing5-mechanism-20231210121321
spacing5-mechanism,V1,V1-P10,20231210121321,B1408,Primary 1408-cubed-voxel evaluation box,original5,Uniform final erosion (output spacing 5 voxels),2.0,504.74052537962086,0.0,0.0,INCONCLUSIVE_NO_REFERENCE_INTERSECTION,39.21439240700181,0.0,spacing5-mechanism-20231210121321
spacing5-mechanism,V1,V1-P10,20231210121321,B1408,Primary 1408-cubed-voxel evaluation box,original5,Uniform final erosion (output spacing 5 voxels),4.0,504.74052537962086,0.0,0.0,INCONCLUSIVE_NO_REFERENCE_INTERSECTION,39.21439240700181,0.0,spacing5-mechanism-20231210121321
spacing5-mechanism,V1,V1-P10,20231210121321,B1408,Primary 1408-cubed-voxel evaluation box,original5,Uniform final erosion (output spacing 5 voxels),8.0,504.74052537962086,0.0,0.0,INCONCLUSIVE_NO_REFERENCE_INTERSECTION,39.21439240700181,0.0,spacing5-mechanism-20231210121321
spacing5-mechanism,V1,V1-P10,20231210121321,B1408,Primary 1408-cubed-voxel evaluation box,support5,Fine-support finalization (output spacing 5 voxels),0.5,504.74052537962086,0.0,0.0,INCONCLUSIVE_NO_REFERENCE_INTERSECTION,40.87958394008434,0.0,spacing5-mechanism-20231210121321
spacing5-mechanism,V1,V1-P10,20231210121321,B1408,Primary 1408-cubed-voxel evaluation box,support5,Fine-support finalization (output spacing 5 voxels),1.0,504.74052537962086,0.0,0.0,INCONCLUSIVE_NO_REFERENCE_INTERSECTION,40.87958394008434,0.0,spacing5-mechanism-20231210121321
spacing5-mechanism,V1,V1-P10,20231210121321,B1408,Primary 1408-cubed-voxel evaluation box,support5,Fine-support finalization (output spacing 5 voxels),2.0,504.74052537962086,0.0,0.0,INCONCLUSIVE_NO_REFERENCE_INTERSECTION,40.87958394008434,0.0,spacing5-mechanism-20231210121321
spacing5-mechanism,V1,V1-P10,20231210121321,B1408,Primary 1408-cubed-voxel evaluation box,support5,Fine-support finalization (output spacing 5 voxels),4.0,504.74052537962086,0.0,0.0,INCONCLUSIVE_NO_REFERENCE_INTERSECTION,40.87958394008434,0.0,spacing5-mechanism-20231210121321
spacing5-mechanism,V1,V1-P10,20231210121321,B1408,Primary 1408-cubed-voxel evaluation box,support5,Fine-support finalization (output spacing 5 voxels),8.0,504.74052537962086,0.0,0.0,INCONCLUSIVE_NO_REFERENCE_INTERSECTION,40.87958394008434,0.0,spacing5-mechanism-20231210121321
spacing5-mechanism,V1,V1-P10,20231210121321,B1408,Primary 1408-cubed-voxel evaluation box,original2_5,Uniform final erosion (output spacing 2.5 voxels),0.5,504.74052537962086,0.0,0.0,INCONCLUSIVE_NO_REFERENCE_INTERSECTION,41.05950734429247,0.0,spacing5-mechanism-20231210121321
spacing5-mechanism,V1,V1-P10,20231210121321,B1408,Primary 1408-cubed-voxel evaluation box,original2_5,Uniform final erosion (output spacing 2.5 voxels),1.0,504.74052537962086,0.0,0.0,INCONCLUSIVE_NO_REFERENCE_INTERSECTION,41.05950734429247,0.0,spacing5-mechanism-20231210121321
spacing5-mechanism,V1,V1-P10,20231210121321,B1408,Primary 1408-cubed-voxel evaluation box,original2_5,Uniform final erosion (output spacing 2.5 voxels),2.0,504.74052537962086,0.0,0.0,INCONCLUSIVE_NO_REFERENCE_INTERSECTION,41.05950734429247,0.0,spacing5-mechanism-20231210121321
spacing5-mechanism,V1,V1-P10,20231210121321,B1408,Primary 1408-cubed-voxel evaluation box,original2_5,Uniform final erosion (output spacing 2.5 voxels),4.0,504.74052537962086,0.0,0.0,INCONCLUSIVE_NO_REFERENCE_INTERSECTION,41.05950734429247,0.0,spacing5-mechanism-20231210121321
spacing5-mechanism,V1,V1-P10,20231210121321,B1408,Primary 1408-cubed-voxel evaluation box,original2_5,Uniform final erosion (output spacing 2.5 voxels),8.0,504.74052537962086,0.0,0.0,INCONCLUSIVE_NO_REFERENCE_INTERSECTION,41.05950734429247,0.0,spacing5-mechanism-20231210121321
spacing5-mechanism,V1,V1-P06,20231210121321,A384,Secondary central 384-cubed-voxel evaluation box,original5,Uniform final erosion (output spacing 5 voxels),0.5,29.322949365533162,0.0,0.0,INCONCLUSIVE_NO_REFERENCE_INTERSECTION,0.0,1.3150646736726683,spacing5-mechanism-20231210121321
spacing5-mechanism,V1,V1-P06,20231210121321,A384,Secondary central 384-cubed-voxel evaluation box,original5,Uniform final erosion (output spacing 5 voxels),1.0,29.322949365533162,0.0,0.0,INCONCLUSIVE_NO_REFERENCE_INTERSECTION,0.0,1.3150646736726683,spacing5-mechanism-20231210121321
spacing5-mechanism,V1,V1-P06,20231210121321,A384,Secondary central 384-cubed-voxel evaluation box,original5,Uniform final erosion (output spacing 5 voxels),2.0,29.322949365533162,0.0,0.0,INCONCLUSIVE_NO_REFERENCE_INTERSECTION,0.0,1.3150646736726683,spacing5-mechanism-20231210121321
spacing5-mechanism,V1,V1-P06,20231210121321,A384,Secondary central 384-cubed-voxel evaluation box,original5,Uniform final erosion (output spacing 5 voxels),4.0,29.322949365533162,0.0,0.0,INCONCLUSIVE_NO_REFERENCE_INTERSECTION,0.0,1.3150646736726683,spacing5-mechanism-20231210121321
spacing5-mechanism,V1,V1-P06,20231210121321,A384,Secondary central 384-cubed-voxel evaluation box,original5,Uniform final erosion (output spacing 5 voxels),8.0,29.322949365533162,0.0,0.0,INCONCLUSIVE_NO_REFERENCE_INTERSECTION,0.0,1.3150646736726683,spacing5-mechanism-20231210121321
spacing5-mechanism,V1,V1-P06,20231210121321,A384,Secondary central 384-cubed-voxel evaluation box,support5,Fine-support finalization (output spacing 5 voxels),0.5,29.322949365533162,0.0,0.0,INCONCLUSIVE_NO_REFERENCE_INTERSECTION,0.0,1.5986029132894004,spacing5-mechanism-20231210121321
spacing5-mechanism,V1,V1-P06,20231210121321,A384,Secondary central 384-cubed-voxel evaluation box,support5,Fine-support finalization (output spacing 5 voxels),1.0,29.322949365533162,0.0,0.0,INCONCLUSIVE_NO_REFERENCE_INTERSECTION,0.0,1.5986029132894004,spacing5-mechanism-20231210121321
spacing5-mechanism,V1,V1-P06,20231210121321,A384,Secondary central 384-cubed-voxel evaluation box,support5,Fine-support finalization (output spacing 5 voxels),2.0,29.322949365533162,0.0,0.0,INCONCLUSIVE_NO_REFERENCE_INTERSECTION,0.0,1.5986029132894004,spacing5-mechanism-20231210121321
spacing5-mechanism,V1,V1-P06,20231210121321,A384,Secondary central 384-cubed-voxel evaluation box,support5,Fine-support finalization (output spacing 5 voxels),4.0,29.322949365533162,0.0,0.0,INCONCLUSIVE_NO_REFERENCE_INTERSECTION,0.0,1.5986029132894004,spacing5-mechanism-20231210121321
spacing5-mechanism,V1,V1-P06,20231210121321,A384,Secondary central 384-cubed-voxel evaluation box,support5,Fine-support finalization (output spacing 5 voxels),8.0,29.322949365533162,0.0,0.0,INCONCLUSIVE_NO_REFERENCE_INTERSECTION,0.0,1.5986029132894004,spacing5-mechanism-20231210121321
spacing5-mechanism,V1,V1-P06,20231210121321,A384,Secondary central 384-cubed-voxel evaluation box,original2_5,Uniform final erosion (output spacing 2.5 voxels),0.5,29.322949365533162,0.0,0.0,INCONCLUSIVE_NO_REFERENCE_INTERSECTION,0.0,1.632182235598296,spacing5-mechanism-20231210121321
spacing5-mechanism,V1,V1-P06,20231210121321,A384,Secondary central 384-cubed-voxel evaluation box,original2_5,Uniform final erosion (output spacing 2.5 voxels),1.0,29.322949365533162,0.0,0.0,INCONCLUSIVE_NO_REFERENCE_INTERSECTION,0.0,1.632182235598296,spacing5-mechanism-20231210121321
spacing5-mechanism,V1,V1-P06,20231210121321,A384,Secondary central 384-cubed-voxel evaluation box,original2_5,Uniform final erosion (output spacing 2.5 voxels),2.0,29.322949365533162,0.0,0.0,INCONCLUSIVE_NO_REFERENCE_INTERSECTION,0.0,1.632182235598296,spacing5-mechanism-20231210121321
spacing5-mechanism,V1,V1-P06,20231210121321,A384,Secondary central 384-cubed-voxel evaluation box,original2_5,Uniform final erosion (output spacing 2.5 voxels),4.0,29.322949365533162,0.0,0.0,INCONCLUSIVE_NO_REFERENCE_INTERSECTION,0.0,1.632182235598296,spacing5-mechanism-20231210121321
spacing5-mechanism,V1,V1-P06,20231210121321,A384,Secondary central 384-cubed-voxel evaluation box,original2_5,Uniform final erosion (output spacing 2.5 voxels),8.0,29.322949365533162,0.0,0.0,INCONCLUSIVE_NO_REFERENCE_INTERSECTION,0.0,1.632182235598296,spacing5-mechanism-20231210121321
spacing5-mechanism,V1,V1-P10,20231210121321,A384,Secondary central 384-cubed-voxel evaluation box,original5,Uniform final erosion (output spacing 5 voxels),0.5,29.322949365533162,0.0,0.0,INCONCLUSIVE_NO_REFERENCE_INTERSECTION,2.7751946344893237,36.439197772512486,spacing5-mechanism-20231210121321
spacing5-mechanism,V1,V1-P10,20231210121321,A384,Secondary central 384-cubed-voxel evaluation box,original5,Uniform final erosion (output spacing 5 voxels),1.0,29.322949365533162,0.0,0.0,INCONCLUSIVE_NO_REFERENCE_INTERSECTION,2.7751946344893237,36.439197772512486,spacing5-mechanism-20231210121321
spacing5-mechanism,V1,V1-P10,20231210121321,A384,Secondary central 384-cubed-voxel evaluation box,original5,Uniform final erosion (output spacing 5 voxels),2.0,29.322949365533162,0.0,0.0,INCONCLUSIVE_NO_REFERENCE_INTERSECTION,2.7751946344893237,36.439197772512486,spacing5-mechanism-20231210121321
spacing5-mechanism,V1,V1-P10,20231210121321,A384,Secondary central 384-cubed-voxel evaluation box,original5,Uniform final erosion (output spacing 5 voxels),4.0,29.322949365533162,0.0,0.0,INCONCLUSIVE_NO_REFERENCE_INTERSECTION,2.7751946344893237,36.439197772512486,spacing5-mechanism-20231210121321
spacing5-mechanism,V1,V1-P10,20231210121321,A384,Secondary central 384-cubed-voxel evaluation box,original5,Uniform final erosion (output spacing 5 voxels),8.0,29.322949365533162,0.0,0.0,INCONCLUSIVE_NO_REFERENCE_INTERSECTION,2.7751946344893237,36.439197772512486,spacing5-mechanism-20231210121321
spacing5-mechanism,V1,V1-P10,20231210121321,A384,Secondary central 384-cubed-voxel evaluation box,support5,Fine-support finalization (output spacing 5 voxels),0.5,29.322949365533162,0.0,0.0,INCONCLUSIVE_NO_REFERENCE_INTERSECTION,2.9885356659699895,37.89104827411435,spacing5-mechanism-20231210121321
spacing5-mechanism,V1,V1-P10,20231210121321,A384,Secondary central 384-cubed-voxel evaluation box,support5,Fine-support finalization (output spacing 5 voxels),1.0,29.322949365533162,0.0,0.0,INCONCLUSIVE_NO_REFERENCE_INTERSECTION,2.9885356659699895,37.89104827411435,spacing5-mechanism-20231210121321
spacing5-mechanism,V1,V1-P10,20231210121321,A384,Secondary central 384-cubed-voxel evaluation box,support5,Fine-support finalization (output spacing 5 voxels),2.0,29.322949365533162,0.0,0.0,INCONCLUSIVE_NO_REFERENCE_INTERSECTION,2.9885356659699895,37.89104827411435,spacing5-mechanism-20231210121321
spacing5-mechanism,V1,V1-P10,20231210121321,A384,Secondary central 384-cubed-voxel evaluation box,support5,Fine-support finalization (output spacing 5 voxels),4.0,29.322949365533162,0.0,0.0,INCONCLUSIVE_NO_REFERENCE_INTERSECTION,2.9885356659699895,37.89104827411435,spacing5-mechanism-20231210121321
spacing5-mechanism,V1,V1-P10,20231210121321,A384,Secondary central 384-cubed-voxel evaluation box,support5,Fine-support finalization (output spacing 5 voxels),8.0,29.322949365533162,0.0,0.0,INCONCLUSIVE_NO_REFERENCE_INTERSECTION,2.9885356659699895,37.89104827411435,spacing5-mechanism-20231210121321
spacing5-mechanism,V1,V1-P10,20231210121321,A384,Secondary central 384-cubed-voxel evaluation box,original2_5,Uniform final erosion (output spacing 2.5 voxels),0.5,29.322949365533162,0.0,0.0,INCONCLUSIVE_NO_REFERENCE_INTERSECTION,3.0583971873877283,38.001110156904744,spacing5-mechanism-20231210121321
spacing5-mechanism,V1,V1-P10,20231210121321,A384,Secondary central 384-cubed-voxel evaluation box,original2_5,Uniform final erosion (output spacing 2.5 voxels),1.0,29.322949365533162,0.0,0.0,INCONCLUSIVE_NO_REFERENCE_INTERSECTION,3.0583971873877283,38.001110156904744,spacing5-mechanism-20231210121321
spacing5-mechanism,V1,V1-P10,20231210121321,A384,Secondary central 384-cubed-voxel evaluation box,original2_5,Uniform final erosion (output spacing 2.5 voxels),2.0,29.322949365533162,0.0,0.0,INCONCLUSIVE_NO_REFERENCE_INTERSECTION,3.0583971873877283,38.001110156904744,spacing5-mechanism-20231210121321
spacing5-mechanism,V1,V1-P10,20231210121321,A384,Secondary central 384-cubed-voxel evaluation box,original2_5,Uniform final erosion (output spacing 2.5 voxels),4.0,29.322949365533162,0.0,0.0,INCONCLUSIVE_NO_REFERENCE_INTERSECTION,3.0583971873877283,38.001110156904744,spacing5-mechanism-20231210121321
spacing5-mechanism,V1,V1-P10,20231210121321,A384,Secondary central 384-cubed-voxel evaluation box,original2_5,Uniform final erosion (output spacing 2.5 voxels),8.0,29.322949365533162,0.0,0.0,INCONCLUSIVE_NO_REFERENCE_INTERSECTION,3.0583971873877283,38.001110156904744,spacing5-mechanism-20231210121321
spacing5-mechanism,V1,V1-P06,20230702185753,B1408,Primary 1408-cubed-voxel evaluation box,original5,Uniform final erosion (output spacing 5 voxels),0.5,582.7957765055165,0.0,0.0,INCONCLUSIVE_NO_REFERENCE_INTERSECTION,1.0326536818544825,0.28241099181818585,spacing5-mechanism-20230702185753
spacing5-mechanism,V1,V1-P06,20230702185753,B1408,Primary 1408-cubed-voxel evaluation box,original5,Uniform final erosion (output spacing 5 voxels),1.0,582.7957765055165,0.0,0.0,INCONCLUSIVE_NO_REFERENCE_INTERSECTION,1.0326536818544825,0.28241099181818585,spacing5-mechanism-20230702185753
spacing5-mechanism,V1,V1-P06,20230702185753,B1408,Primary 1408-cubed-voxel evaluation box,original5,Uniform final erosion (output spacing 5 voxels),2.0,582.7957765055165,0.0,0.0,INCONCLUSIVE_NO_REFERENCE_INTERSECTION,1.0326536818544825,0.28241099181818585,spacing5-mechanism-20230702185753
spacing5-mechanism,V1,V1-P06,20230702185753,B1408,Primary 1408-cubed-voxel evaluation box,original5,Uniform final erosion (output spacing 5 voxels),4.0,582.7957765055165,0.0,0.0,INCONCLUSIVE_NO_REFERENCE_INTERSECTION,1.0326536818544825,0.28241099181818585,spacing5-mechanism-20230702185753
spacing5-mechanism,V1,V1-P06,20230702185753,B1408,Primary 1408-cubed-voxel evaluation box,original5,Uniform final erosion (output spacing 5 voxels),8.0,582.7957765055165,0.0,0.0,INCONCLUSIVE_NO_REFERENCE_INTERSECTION,1.0326536818544825,0.28241099181818585,spacing5-mechanism-20230702185753
spacing5-mechanism,V1,V1-P06,20230702185753,B1408,Primary 1408-cubed-voxel evaluation box,support5,Fine-support finalization (output spacing 5 voxels),0.5,582.7957765055165,0.0,0.0,INCONCLUSIVE_NO_REFERENCE_INTERSECTION,1.2323773537138605,0.3662255595755399,spacing5-mechanism-20230702185753
spacing5-mechanism,V1,V1-P06,20230702185753,B1408,Primary 1408-cubed-voxel evaluation box,support5,Fine-support finalization (output spacing 5 voxels),1.0,582.7957765055165,0.0,0.0,INCONCLUSIVE_NO_REFERENCE_INTERSECTION,1.2323773537138605,0.3662255595755399,spacing5-mechanism-20230702185753
spacing5-mechanism,V1,V1-P06,20230702185753,B1408,Primary 1408-cubed-voxel evaluation box,support5,Fine-support finalization (output spacing 5 voxels),2.0,582.7957765055165,0.0,0.0,INCONCLUSIVE_NO_REFERENCE_INTERSECTION,1.2323773537138605,0.3662255595755399,spacing5-mechanism-20230702185753
spacing5-mechanism,V1,V1-P06,20230702185753,B1408,Primary 1408-cubed-voxel evaluation box,support5,Fine-support finalization (output spacing 5 voxels),4.0,582.7957765055165,0.0,0.0,INCONCLUSIVE_NO_REFERENCE_INTERSECTION,1.2323773537138605,0.3662255595755399,spacing5-mechanism-20230702185753
spacing5-mechanism,V1,V1-P06,20230702185753,B1408,Primary 1408-cubed-voxel evaluation box,support5,Fine-support finalization (output spacing 5 voxels),8.0,582.7957765055165,0.0,0.0,INCONCLUSIVE_NO_REFERENCE_INTERSECTION,1.2323773537138605,0.3662255595755399,spacing5-mechanism-20230702185753
spacing5-mechanism,V1,V1-P06,20230702185753,B1408,Primary 1408-cubed-voxel evaluation box,original2_5,Uniform final erosion (output spacing 2.5 voxels),0.5,582.7957765055165,0.0,0.0,INCONCLUSIVE_NO_REFERENCE_INTERSECTION,1.2728726273751454,0.3593096082231504,spacing5-mechanism-20230702185753
spacing5-mechanism,V1,V1-P06,20230702185753,B1408,Primary 1408-cubed-voxel evaluation box,original2_5,Uniform final erosion (output spacing 2.5 voxels),1.0,582.7957765055165,0.0,0.0,INCONCLUSIVE_NO_REFERENCE_INTERSECTION,1.2728726273751454,0.3593096082231504,spacing5-mechanism-20230702185753
spacing5-mechanism,V1,V1-P06,20230702185753,B1408,Primary 1408-cubed-voxel evaluation box,original2_5,Uniform final erosion (output spacing 2.5 voxels),2.0,582.7957765055165,0.0,0.0,INCONCLUSIVE_NO_REFERENCE_INTERSECTION,1.2728726273751454,0.3593096082231504,spacing5-mechanism-20230702185753
spacing5-mechanism,V1,V1-P06,20230702185753,B1408,Primary 1408-cubed-voxel evaluation box,original2_5,Uniform final erosion (output spacing 2.5 voxels),4.0,582.7957765055165,0.0,0.0,INCONCLUSIVE_NO_REFERENCE_INTERSECTION,1.2728726273751454,0.3593096082231504,spacing5-mechanism-20230702185753
spacing5-mechanism,V1,V1-P06,20230702185753,B1408,Primary 1408-cubed-voxel evaluation box,original2_5,Uniform final erosion (output spacing 2.5 voxels),8.0,582.7957765055165,0.0,0.0,INCONCLUSIVE_NO_REFERENCE_INTERSECTION,1.2728726273751454,0.3593096082231504,spacing5-mechanism-20230702185753
spacing5-mechanism,V1,V1-P10,20230702185753,B1408,Primary 1408-cubed-voxel evaluation box,original5,Uniform final erosion (output spacing 5 voxels),0.5,582.7957765055165,0.0,0.0,INCONCLUSIVE_NO_REFERENCE_INTERSECTION,39.21439240700181,0.0,spacing5-mechanism-20230702185753
spacing5-mechanism,V1,V1-P10,20230702185753,B1408,Primary 1408-cubed-voxel evaluation box,original5,Uniform final erosion (output spacing 5 voxels),1.0,582.7957765055165,0.0,0.0,INCONCLUSIVE_NO_REFERENCE_INTERSECTION,39.21439240700181,0.0,spacing5-mechanism-20230702185753
spacing5-mechanism,V1,V1-P10,20230702185753,B1408,Primary 1408-cubed-voxel evaluation box,original5,Uniform final erosion (output spacing 5 voxels),2.0,582.7957765055165,0.0,0.0,INCONCLUSIVE_NO_REFERENCE_INTERSECTION,39.21439240700181,0.0,spacing5-mechanism-20230702185753
spacing5-mechanism,V1,V1-P10,20230702185753,B1408,Primary 1408-cubed-voxel evaluation box,original5,Uniform final erosion (output spacing 5 voxels),4.0,582.7957765055165,0.0,0.0,INCONCLUSIVE_NO_REFERENCE_INTERSECTION,39.21439240700181,0.0,spacing5-mechanism-20230702185753
spacing5-mechanism,V1,V1-P10,20230702185753,B1408,Primary 1408-cubed-voxel evaluation box,original5,Uniform final erosion (output spacing 5 voxels),8.0,582.7957765055165,0.0,0.0,INCONCLUSIVE_NO_REFERENCE_INTERSECTION,39.21439240700181,0.0,spacing5-mechanism-20230702185753
spacing5-mechanism,V1,V1-P10,20230702185753,B1408,Primary 1408-cubed-voxel evaluation box,support5,Fine-support finalization (output spacing 5 voxels),0.5,582.7957765055165,0.0,0.0,INCONCLUSIVE_NO_REFERENCE_INTERSECTION,40.87958394008434,0.0,spacing5-mechanism-20230702185753
spacing5-mechanism,V1,V1-P10,20230702185753,B1408,Primary 1408-cubed-voxel evaluation box,support5,Fine-support finalization (output spacing 5 voxels),1.0,582.7957765055165,0.0,0.0,INCONCLUSIVE_NO_REFERENCE_INTERSECTION,40.87958394008434,0.0,spacing5-mechanism-20230702185753
spacing5-mechanism,V1,V1-P10,20230702185753,B1408,Primary 1408-cubed-voxel evaluation box,support5,Fine-support finalization (output spacing 5 voxels),2.0,582.7957765055165,0.0,0.0,INCONCLUSIVE_NO_REFERENCE_INTERSECTION,40.87958394008434,0.0,spacing5-mechanism-20230702185753
spacing5-mechanism,V1,V1-P10,20230702185753,B1408,Primary 1408-cubed-voxel evaluation box,support5,Fine-support finalization (output spacing 5 voxels),4.0,582.7957765055165,0.0,0.0,INCONCLUSIVE_NO_REFERENCE_INTERSECTION,40.87958394008434,0.0,spacing5-mechanism-20230702185753
spacing5-mechanism,V1,V1-P10,20230702185753,B1408,Primary 1408-cubed-voxel evaluation box,support5,Fine-support finalization (output spacing 5 voxels),8.0,582.7957765055165,0.0,0.0,INCONCLUSIVE_NO_REFERENCE_INTERSECTION,40.87958394008434,0.0,spacing5-mechanism-20230702185753
spacing5-mechanism,V1,V1-P10,20230702185753,B1408,Primary 1408-cubed-voxel evaluation box,original2_5,Uniform final erosion (output spacing 2.5 voxels),0.5,582.7957765055165,0.0,0.0,INCONCLUSIVE_NO_REFERENCE_INTERSECTION,41.05950734429247,0.0,spacing5-mechanism-20230702185753
spacing5-mechanism,V1,V1-P10,20230702185753,B1408,Primary 1408-cubed-voxel evaluation box,original2_5,Uniform final erosion (output spacing 2.5 voxels),1.0,582.7957765055165,0.0,0.0,INCONCLUSIVE_NO_REFERENCE_INTERSECTION,41.05950734429247,0.0,spacing5-mechanism-20230702185753
spacing5-mechanism,V1,V1-P10,20230702185753,B1408,Primary 1408-cubed-voxel evaluation box,original2_5,Uniform final erosion (output spacing 2.5 voxels),2.0,582.7957765055165,0.0,0.0,INCONCLUSIVE_NO_REFERENCE_INTERSECTION,41.05950734429247,0.0,spacing5-mechanism-20230702185753
spacing5-mechanism,V1,V1-P10,20230702185753,B1408,Primary 1408-cubed-voxel evaluation box,original2_5,Uniform final erosion (output spacing 2.5 voxels),4.0,582.7957765055165,0.0,0.0,INCONCLUSIVE_NO_REFERENCE_INTERSECTION,41.05950734429247,0.0,spacing5-mechanism-20230702185753
spacing5-mechanism,V1,V1-P10,20230702185753,B1408,Primary 1408-cubed-voxel evaluation box,original2_5,Uniform final erosion (output spacing 2.5 voxels),8.0,582.7957765055165,0.0,0.0,INCONCLUSIVE_NO_REFERENCE_INTERSECTION,41.05950734429247,0.0,spacing5-mechanism-20230702185753
spacing5-mechanism,V1,V1-P06,20230702185753,A384,Secondary central 384-cubed-voxel evaluation box,original5,Uniform final erosion (output spacing 5 voxels),0.5,0.46731802441928316,0.0,0.0,INCONCLUSIVE_NO_REFERENCE_INTERSECTION,0.0,1.3150646736726683,spacing5-mechanism-20230702185753
spacing5-mechanism,V1,V1-P06,20230702185753,A384,Secondary central 384-cubed-voxel evaluation box,original5,Uniform final erosion (output spacing 5 voxels),1.0,0.46731802441928316,0.0,0.0,INCONCLUSIVE_NO_REFERENCE_INTERSECTION,0.0,1.3150646736726683,spacing5-mechanism-20230702185753
spacing5-mechanism,V1,V1-P06,20230702185753,A384,Secondary central 384-cubed-voxel evaluation box,original5,Uniform final erosion (output spacing 5 voxels),2.0,0.46731802441928316,0.0,0.0,INCONCLUSIVE_NO_REFERENCE_INTERSECTION,0.0,1.3150646736726683,spacing5-mechanism-20230702185753
spacing5-mechanism,V1,V1-P06,20230702185753,A384,Secondary central 384-cubed-voxel evaluation box,original5,Uniform final erosion (output spacing 5 voxels),4.0,0.46731802441928316,0.0,0.0,INCONCLUSIVE_NO_REFERENCE_INTERSECTION,0.0,1.3150646736726683,spacing5-mechanism-20230702185753
spacing5-mechanism,V1,V1-P06,20230702185753,A384,Secondary central 384-cubed-voxel evaluation box,original5,Uniform final erosion (output spacing 5 voxels),8.0,0.46731802441928316,0.0,0.0,INCONCLUSIVE_NO_REFERENCE_INTERSECTION,0.0,1.3150646736726683,spacing5-mechanism-20230702185753
spacing5-mechanism,V1,V1-P06,20230702185753,A384,Secondary central 384-cubed-voxel evaluation box,support5,Fine-support finalization (output spacing 5 voxels),0.5,0.46731802441928316,0.0,0.0,INCONCLUSIVE_NO_REFERENCE_INTERSECTION,0.0,1.5986029132894004,spacing5-mechanism-20230702185753
spacing5-mechanism,V1,V1-P06,20230702185753,A384,Secondary central 384-cubed-voxel evaluation box,support5,Fine-support finalization (output spacing 5 voxels),1.0,0.46731802441928316,0.0,0.0,INCONCLUSIVE_NO_REFERENCE_INTERSECTION,0.0,1.5986029132894004,spacing5-mechanism-20230702185753
spacing5-mechanism,V1,V1-P06,20230702185753,A384,Secondary central 384-cubed-voxel evaluation box,support5,Fine-support finalization (output spacing 5 voxels),2.0,0.46731802441928316,0.0,0.0,INCONCLUSIVE_NO_REFERENCE_INTERSECTION,0.0,1.5986029132894004,spacing5-mechanism-20230702185753
spacing5-mechanism,V1,V1-P06,20230702185753,A384,Secondary central 384-cubed-voxel evaluation box,support5,Fine-support finalization (output spacing 5 voxels),4.0,0.46731802441928316,0.0,0.0,INCONCLUSIVE_NO_REFERENCE_INTERSECTION,0.0,1.5986029132894004,spacing5-mechanism-20230702185753
spacing5-mechanism,V1,V1-P06,20230702185753,A384,Secondary central 384-cubed-voxel evaluation box,support5,Fine-support finalization (output spacing 5 voxels),8.0,0.46731802441928316,0.0,0.0,INCONCLUSIVE_NO_REFERENCE_INTERSECTION,0.0,1.5986029132894004,spacing5-mechanism-20230702185753
spacing5-mechanism,V1,V1-P06,20230702185753,A384,Secondary central 384-cubed-voxel evaluation box,original2_5,Uniform final erosion (output spacing 2.5 voxels),0.5,0.46731802441928316,0.0,0.0,INCONCLUSIVE_NO_REFERENCE_INTERSECTION,0.0,1.632182235598296,spacing5-mechanism-20230702185753
spacing5-mechanism,V1,V1-P06,20230702185753,A384,Secondary central 384-cubed-voxel evaluation box,original2_5,Uniform final erosion (output spacing 2.5 voxels),1.0,0.46731802441928316,0.0,0.0,INCONCLUSIVE_NO_REFERENCE_INTERSECTION,0.0,1.632182235598296,spacing5-mechanism-20230702185753
spacing5-mechanism,V1,V1-P06,20230702185753,A384,Secondary central 384-cubed-voxel evaluation box,original2_5,Uniform final erosion (output spacing 2.5 voxels),2.0,0.46731802441928316,0.0,0.0,INCONCLUSIVE_NO_REFERENCE_INTERSECTION,0.0,1.632182235598296,spacing5-mechanism-20230702185753
spacing5-mechanism,V1,V1-P06,20230702185753,A384,Secondary central 384-cubed-voxel evaluation box,original2_5,Uniform final erosion (output spacing 2.5 voxels),4.0,0.46731802441928316,0.0,0.0,INCONCLUSIVE_NO_REFERENCE_INTERSECTION,0.0,1.632182235598296,spacing5-mechanism-20230702185753
spacing5-mechanism,V1,V1-P06,20230702185753,A384,Secondary central 384-cubed-voxel evaluation box,original2_5,Uniform final erosion (output spacing 2.5 voxels),8.0,0.46731802441928316,0.0,0.0,INCONCLUSIVE_NO_REFERENCE_INTERSECTION,0.0,1.632182235598296,spacing5-mechanism-20230702185753
spacing5-mechanism,V1,V1-P10,20230702185753,A384,Secondary central 384-cubed-voxel evaluation box,original5,Uniform final erosion (output spacing 5 voxels),0.5,0.46731802441928316,0.0,0.0,INCONCLUSIVE_NO_REFERENCE_INTERSECTION,2.7751946344893237,36.439197772512486,spacing5-mechanism-20230702185753
spacing5-mechanism,V1,V1-P10,20230702185753,A384,Secondary central 384-cubed-voxel evaluation box,original5,Uniform final erosion (output spacing 5 voxels),1.0,0.46731802441928316,0.0,0.0,INCONCLUSIVE_NO_REFERENCE_INTERSECTION,2.7751946344893237,36.439197772512486,spacing5-mechanism-20230702185753
spacing5-mechanism,V1,V1-P10,20230702185753,A384,Secondary central 384-cubed-voxel evaluation box,original5,Uniform final erosion (output spacing 5 voxels),2.0,0.46731802441928316,0.0,0.0,INCONCLUSIVE_NO_REFERENCE_INTERSECTION,2.7751946344893237,36.439197772512486,spacing5-mechanism-20230702185753
spacing5-mechanism,V1,V1-P10,20230702185753,A384,Secondary central 384-cubed-voxel evaluation box,original5,Uniform final erosion (output spacing 5 voxels),4.0,0.46731802441928316,0.0,0.0,INCONCLUSIVE_NO_REFERENCE_INTERSECTION,2.7751946344893237,36.439197772512486,spacing5-mechanism-20230702185753
spacing5-mechanism,V1,V1-P10,20230702185753,A384,Secondary central 384-cubed-voxel evaluation box,original5,Uniform final erosion (output spacing 5 voxels),8.0,0.46731802441928316,0.0,0.0,INCONCLUSIVE_NO_REFERENCE_INTERSECTION,2.7751946344893237,36.439197772512486,spacing5-mechanism-20230702185753
spacing5-mechanism,V1,V1-P10,20230702185753,A384,Secondary central 384-cubed-voxel evaluation box,support5,Fine-support finalization (output spacing 5 voxels),0.5,0.46731802441928316,0.0,0.0,INCONCLUSIVE_NO_REFERENCE_INTERSECTION,2.9885356659699895,37.89104827411435,spacing5-mechanism-20230702185753
spacing5-mechanism,V1,V1-P10,20230702185753,A384,Secondary central 384-cubed-voxel evaluation box,support5,Fine-support finalization (output spacing 5 voxels),1.0,0.46731802441928316,0.0,0.0,INCONCLUSIVE_NO_REFERENCE_INTERSECTION,2.9885356659699895,37.89104827411435,spacing5-mechanism-20230702185753
spacing5-mechanism,V1,V1-P10,20230702185753,A384,Secondary central 384-cubed-voxel evaluation box,support5,Fine-support finalization (output spacing 5 voxels),2.0,0.46731802441928316,0.0,0.0,INCONCLUSIVE_NO_REFERENCE_INTERSECTION,2.9885356659699895,37.89104827411435,spacing5-mechanism-20230702185753
spacing5-mechanism,V1,V1-P10,20230702185753,A384,Secondary central 384-cubed-voxel evaluation box,support5,Fine-support finalization (output spacing 5 voxels),4.0,0.46731802441928316,0.0,0.0,INCONCLUSIVE_NO_REFERENCE_INTERSECTION,2.9885356659699895,37.89104827411435,spacing5-mechanism-20230702185753
spacing5-mechanism,V1,V1-P10,20230702185753,A384,Secondary central 384-cubed-voxel evaluation box,support5,Fine-support finalization (output spacing 5 voxels),8.0,0.46731802441928316,0.0,0.0,INCONCLUSIVE_NO_REFERENCE_INTERSECTION,2.9885356659699895,37.89104827411435,spacing5-mechanism-20230702185753
spacing5-mechanism,V1,V1-P10,20230702185753,A384,Secondary central 384-cubed-voxel evaluation box,original2_5,Uniform final erosion (output spacing 2.5 voxels),0.5,0.46731802441928316,0.0,0.0,INCONCLUSIVE_NO_REFERENCE_INTERSECTION,3.0583971873877283,38.001110156904744,spacing5-mechanism-20230702185753
spacing5-mechanism,V1,V1-P10,20230702185753,A384,Secondary central 384-cubed-voxel evaluation box,original2_5,Uniform final erosion (output spacing 2.5 voxels),1.0,0.46731802441928316,0.0,0.0,INCONCLUSIVE_NO_REFERENCE_INTERSECTION,3.0583971873877283,38.001110156904744,spacing5-mechanism-20230702185753
spacing5-mechanism,V1,V1-P10,20230702185753,A384,Secondary central 384-cubed-voxel evaluation box,original2_5,Uniform final erosion (output spacing 2.5 voxels),2.0,0.46731802441928316,0.0,0.0,INCONCLUSIVE_NO_REFERENCE_INTERSECTION,3.0583971873877283,38.001110156904744,spacing5-mechanism-20230702185753
spacing5-mechanism,V1,V1-P10,20230702185753,A384,Secondary central 384-cubed-voxel evaluation box,original2_5,Uniform final erosion (output spacing 2.5 voxels),4.0,0.46731802441928316,0.0,0.0,INCONCLUSIVE_NO_REFERENCE_INTERSECTION,3.0583971873877283,38.001110156904744,spacing5-mechanism-20230702185753
spacing5-mechanism,V1,V1-P10,20230702185753,A384,Secondary central 384-cubed-voxel evaluation box,original2_5,Uniform final erosion (output spacing 2.5 voxels),8.0,0.46731802441928316,0.0,0.0,INCONCLUSIVE_NO_REFERENCE_INTERSECTION,3.0583971873877283,38.001110156904744,spacing5-mechanism-20230702185753
spacing5-mechanism,V1,V1-P06,20230929220926,B1408,Primary 1408-cubed-voxel evaluation box,original5,Uniform final erosion (output spacing 5 voxels),0.5,585.2807818176371,0.0,0.0,INCONCLUSIVE_NO_REFERENCE_INTERSECTION,1.0326536818544825,0.28241099181818585,spacing5-mechanism-20230929220926
spacing5-mechanism,V1,V1-P06,20230929220926,B1408,Primary 1408-cubed-voxel evaluation box,original5,Uniform final erosion (output spacing 5 voxels),1.0,585.2807818176371,0.0,0.0,INCONCLUSIVE_NO_REFERENCE_INTERSECTION,1.0326536818544825,0.28241099181818585,spacing5-mechanism-20230929220926
spacing5-mechanism,V1,V1-P06,20230929220926,B1408,Primary 1408-cubed-voxel evaluation box,original5,Uniform final erosion (output spacing 5 voxels),2.0,585.2807818176371,0.0,0.0,INCONCLUSIVE_NO_REFERENCE_INTERSECTION,1.0326536818544825,0.28241099181818585,spacing5-mechanism-20230929220926
spacing5-mechanism,V1,V1-P06,20230929220926,B1408,Primary 1408-cubed-voxel evaluation box,original5,Uniform final erosion (output spacing 5 voxels),4.0,585.2807818176371,0.0,0.0,INCONCLUSIVE_NO_REFERENCE_INTERSECTION,1.0326536818544825,0.28241099181818585,spacing5-mechanism-20230929220926
spacing5-mechanism,V1,V1-P06,20230929220926,B1408,Primary 1408-cubed-voxel evaluation box,original5,Uniform final erosion (output spacing 5 voxels),8.0,585.2807818176371,0.0,0.0,INCONCLUSIVE_NO_REFERENCE_INTERSECTION,1.0326536818544825,0.28241099181818585,spacing5-mechanism-20230929220926
spacing5-mechanism,V1,V1-P06,20230929220926,B1408,Primary 1408-cubed-voxel evaluation box,support5,Fine-support finalization (output spacing 5 voxels),0.5,585.2807818176371,0.0,0.0,INCONCLUSIVE_NO_REFERENCE_INTERSECTION,1.2323773537138605,0.3662255595755399,spacing5-mechanism-20230929220926
spacing5-mechanism,V1,V1-P06,20230929220926,B1408,Primary 1408-cubed-voxel evaluation box,support5,Fine-support finalization (output spacing 5 voxels),1.0,585.2807818176371,0.0,0.0,INCONCLUSIVE_NO_REFERENCE_INTERSECTION,1.2323773537138605,0.3662255595755399,spacing5-mechanism-20230929220926
spacing5-mechanism,V1,V1-P06,20230929220926,B1408,Primary 1408-cubed-voxel evaluation box,support5,Fine-support finalization (output spacing 5 voxels),2.0,585.2807818176371,0.0,0.0,INCONCLUSIVE_NO_REFERENCE_INTERSECTION,1.2323773537138605,0.3662255595755399,spacing5-mechanism-20230929220926
spacing5-mechanism,V1,V1-P06,20230929220926,B1408,Primary 1408-cubed-voxel evaluation box,support5,Fine-support finalization (output spacing 5 voxels),4.0,585.2807818176371,0.0,0.0,INCONCLUSIVE_NO_REFERENCE_INTERSECTION,1.2323773537138605,0.3662255595755399,spacing5-mechanism-20230929220926
spacing5-mechanism,V1,V1-P06,20230929220926,B1408,Primary 1408-cubed-voxel evaluation box,support5,Fine-support finalization (output spacing 5 voxels),8.0,585.2807818176371,0.0,0.0,INCONCLUSIVE_NO_REFERENCE_INTERSECTION,1.2323773537138605,0.3662255595755399,spacing5-mechanism-20230929220926
spacing5-mechanism,V1,V1-P06,20230929220926,B1408,Primary 1408-cubed-voxel evaluation box,original2_5,Uniform final erosion (output spacing 2.5 voxels),0.5,585.2807818176371,0.0,0.0,INCONCLUSIVE_NO_REFERENCE_INTERSECTION,1.2728726273751454,0.3593096082231504,spacing5-mechanism-20230929220926
spacing5-mechanism,V1,V1-P06,20230929220926,B1408,Primary 1408-cubed-voxel evaluation box,original2_5,Uniform final erosion (output spacing 2.5 voxels),1.0,585.2807818176371,0.0,0.0,INCONCLUSIVE_NO_REFERENCE_INTERSECTION,1.2728726273751454,0.3593096082231504,spacing5-mechanism-20230929220926
spacing5-mechanism,V1,V1-P06,20230929220926,B1408,Primary 1408-cubed-voxel evaluation box,original2_5,Uniform final erosion (output spacing 2.5 voxels),2.0,585.2807818176371,0.0,0.0,INCONCLUSIVE_NO_REFERENCE_INTERSECTION,1.2728726273751454,0.3593096082231504,spacing5-mechanism-20230929220926
spacing5-mechanism,V1,V1-P06,20230929220926,B1408,Primary 1408-cubed-voxel evaluation box,original2_5,Uniform final erosion (output spacing 2.5 voxels),4.0,585.2807818176371,0.0,0.0,INCONCLUSIVE_NO_REFERENCE_INTERSECTION,1.2728726273751454,0.3593096082231504,spacing5-mechanism-20230929220926
spacing5-mechanism,V1,V1-P06,20230929220926,B1408,Primary 1408-cubed-voxel evaluation box,original2_5,Uniform final erosion (output spacing 2.5 voxels),8.0,585.2807818176371,0.0,0.0,INCONCLUSIVE_NO_REFERENCE_INTERSECTION,1.2728726273751454,0.3593096082231504,spacing5-mechanism-20230929220926
spacing5-mechanism,V1,V1-P10,20230929220926,B1408,Primary 1408-cubed-voxel evaluation box,original5,Uniform final erosion (output spacing 5 voxels),0.5,585.2807818176371,0.0,0.0,INCONCLUSIVE_NO_REFERENCE_INTERSECTION,39.21439240700181,0.0,spacing5-mechanism-20230929220926
spacing5-mechanism,V1,V1-P10,20230929220926,B1408,Primary 1408-cubed-voxel evaluation box,original5,Uniform final erosion (output spacing 5 voxels),1.0,585.2807818176371,0.0,0.0,INCONCLUSIVE_NO_REFERENCE_INTERSECTION,39.21439240700181,0.0,spacing5-mechanism-20230929220926
spacing5-mechanism,V1,V1-P10,20230929220926,B1408,Primary 1408-cubed-voxel evaluation box,original5,Uniform final erosion (output spacing 5 voxels),2.0,585.2807818176371,0.0,0.0,INCONCLUSIVE_NO_REFERENCE_INTERSECTION,39.21439240700181,0.0,spacing5-mechanism-20230929220926
spacing5-mechanism,V1,V1-P10,20230929220926,B1408,Primary 1408-cubed-voxel evaluation box,original5,Uniform final erosion (output spacing 5 voxels),4.0,585.2807818176371,0.0,0.0,INCONCLUSIVE_NO_REFERENCE_INTERSECTION,39.21439240700181,0.0,spacing5-mechanism-20230929220926
spacing5-mechanism,V1,V1-P10,20230929220926,B1408,Primary 1408-cubed-voxel evaluation box,original5,Uniform final erosion (output spacing 5 voxels),8.0,585.2807818176371,0.0,0.0,INCONCLUSIVE_NO_REFERENCE_INTERSECTION,39.21439240700181,0.0,spacing5-mechanism-20230929220926
spacing5-mechanism,V1,V1-P10,20230929220926,B1408,Primary 1408-cubed-voxel evaluation box,support5,Fine-support finalization (output spacing 5 voxels),0.5,585.2807818176371,0.0,0.0,INCONCLUSIVE_NO_REFERENCE_INTERSECTION,40.87958394008434,0.0,spacing5-mechanism-20230929220926
spacing5-mechanism,V1,V1-P10,20230929220926,B1408,Primary 1408-cubed-voxel evaluation box,support5,Fine-support finalization (output spacing 5 voxels),1.0,585.2807818176371,0.0,0.0,INCONCLUSIVE_NO_REFERENCE_INTERSECTION,40.87958394008434,0.0,spacing5-mechanism-20230929220926
spacing5-mechanism,V1,V1-P10,20230929220926,B1408,Primary 1408-cubed-voxel evaluation box,support5,Fine-support finalization (output spacing 5 voxels),2.0,585.2807818176371,0.0,0.0,INCONCLUSIVE_NO_REFERENCE_INTERSECTION,40.87958394008434,0.0,spacing5-mechanism-20230929220926
spacing5-mechanism,V1,V1-P10,20230929220926,B1408,Primary 1408-cubed-voxel evaluation box,support5,Fine-support finalization (output spacing 5 voxels),4.0,585.2807818176371,0.0,0.0,INCONCLUSIVE_NO_REFERENCE_INTERSECTION,40.87958394008434,0.0,spacing5-mechanism-20230929220926
spacing5-mechanism,V1,V1-P10,20230929220926,B1408,Primary 1408-cubed-voxel evaluation box,support5,Fine-support finalization (output spacing 5 voxels),8.0,585.2807818176371,0.0,0.0,INCONCLUSIVE_NO_REFERENCE_INTERSECTION,40.87958394008434,0.0,spacing5-mechanism-20230929220926
spacing5-mechanism,V1,V1-P10,20230929220926,B1408,Primary 1408-cubed-voxel evaluation box,original2_5,Uniform final erosion (output spacing 2.5 voxels),0.5,585.2807818176371,0.0,0.0,INCONCLUSIVE_NO_REFERENCE_INTERSECTION,41.05950734429247,0.0,spacing5-mechanism-20230929220926
spacing5-mechanism,V1,V1-P10,20230929220926,B1408,Primary 1408-cubed-voxel evaluation box,original2_5,Uniform final erosion (output spacing 2.5 voxels),1.0,585.2807818176371,0.0,0.0,INCONCLUSIVE_NO_REFERENCE_INTERSECTION,41.05950734429247,0.0,spacing5-mechanism-20230929220926
spacing5-mechanism,V1,V1-P10,20230929220926,B1408,Primary 1408-cubed-voxel evaluation box,original2_5,Uniform final erosion (output spacing 2.5 voxels),2.0,585.2807818176371,0.0,0.0,INCONCLUSIVE_NO_REFERENCE_INTERSECTION,41.05950734429247,0.0,spacing5-mechanism-20230929220926
spacing5-mechanism,V1,V1-P10,20230929220926,B1408,Primary 1408-cubed-voxel evaluation box,original2_5,Uniform final erosion (output spacing 2.5 voxels),4.0,585.2807818176371,0.0,0.0,INCONCLUSIVE_NO_REFERENCE_INTERSECTION,41.05950734429247,0.0,spacing5-mechanism-20230929220926
spacing5-mechanism,V1,V1-P10,20230929220926,B1408,Primary 1408-cubed-voxel evaluation box,original2_5,Uniform final erosion (output spacing 2.5 voxels),8.0,585.2807818176371,0.0,0.0,INCONCLUSIVE_NO_REFERENCE_INTERSECTION,41.05950734429247,0.0,spacing5-mechanism-20230929220926
spacing5-mechanism,V1,V1-P06,20230929220926,A384,Secondary central 384-cubed-voxel evaluation box,original5,Uniform final erosion (output spacing 5 voxels),0.5,40.881636255139426,0.0,0.0,INCONCLUSIVE_NO_REFERENCE_INTERSECTION,0.0,1.3150646736726683,spacing5-mechanism-20230929220926
spacing5-mechanism,V1,V1-P06,20230929220926,A384,Secondary central 384-cubed-voxel evaluation box,original5,Uniform final erosion (output spacing 5 voxels),1.0,40.881636255139426,0.0,0.0,INCONCLUSIVE_NO_REFERENCE_INTERSECTION,0.0,1.3150646736726683,spacing5-mechanism-20230929220926
spacing5-mechanism,V1,V1-P06,20230929220926,A384,Secondary central 384-cubed-voxel evaluation box,original5,Uniform final erosion (output spacing 5 voxels),2.0,40.881636255139426,0.0,0.0,INCONCLUSIVE_NO_REFERENCE_INTERSECTION,0.0,1.3150646736726683,spacing5-mechanism-20230929220926
spacing5-mechanism,V1,V1-P06,20230929220926,A384,Secondary central 384-cubed-voxel evaluation box,original5,Uniform final erosion (output spacing 5 voxels),4.0,40.881636255139426,0.0,0.0,INCONCLUSIVE_NO_REFERENCE_INTERSECTION,0.0,1.3150646736726683,spacing5-mechanism-20230929220926
spacing5-mechanism,V1,V1-P06,20230929220926,A384,Secondary central 384-cubed-voxel evaluation box,original5,Uniform final erosion (output spacing 5 voxels),8.0,40.881636255139426,0.0,0.0,INCONCLUSIVE_NO_REFERENCE_INTERSECTION,0.0,1.3150646736726683,spacing5-mechanism-20230929220926
spacing5-mechanism,V1,V1-P06,20230929220926,A384,Secondary central 384-cubed-voxel evaluation box,support5,Fine-support finalization (output spacing 5 voxels),0.5,40.881636255139426,0.0,0.0,INCONCLUSIVE_NO_REFERENCE_INTERSECTION,0.0,1.5986029132894004,spacing5-mechanism-20230929220926
spacing5-mechanism,V1,V1-P06,20230929220926,A384,Secondary central 384-cubed-voxel evaluation box,support5,Fine-support finalization (output spacing 5 voxels),1.0,40.881636255139426,0.0,0.0,INCONCLUSIVE_NO_REFERENCE_INTERSECTION,0.0,1.5986029132894004,spacing5-mechanism-20230929220926
spacing5-mechanism,V1,V1-P06,20230929220926,A384,Secondary central 384-cubed-voxel evaluation box,support5,Fine-support finalization (output spacing 5 voxels),2.0,40.881636255139426,0.0,0.0,INCONCLUSIVE_NO_REFERENCE_INTERSECTION,0.0,1.5986029132894004,spacing5-mechanism-20230929220926
spacing5-mechanism,V1,V1-P06,20230929220926,A384,Secondary central 384-cubed-voxel evaluation box,support5,Fine-support finalization (output spacing 5 voxels),4.0,40.881636255139426,0.0,0.0,INCONCLUSIVE_NO_REFERENCE_INTERSECTION,0.0,1.5986029132894004,spacing5-mechanism-20230929220926
spacing5-mechanism,V1,V1-P06,20230929220926,A384,Secondary central 384-cubed-voxel evaluation box,support5,Fine-support finalization (output spacing 5 voxels),8.0,40.881636255139426,0.0,0.0,INCONCLUSIVE_NO_REFERENCE_INTERSECTION,0.0,1.5986029132894004,spacing5-mechanism-20230929220926
spacing5-mechanism,V1,V1-P06,20230929220926,A384,Secondary central 384-cubed-voxel evaluation box,original2_5,Uniform final erosion (output spacing 2.5 voxels),0.5,40.881636255139426,0.0,0.0,INCONCLUSIVE_NO_REFERENCE_INTERSECTION,0.0,1.632182235598296,spacing5-mechanism-20230929220926
spacing5-mechanism,V1,V1-P06,20230929220926,A384,Secondary central 384-cubed-voxel evaluation box,original2_5,Uniform final erosion (output spacing 2.5 voxels),1.0,40.881636255139426,0.0,0.0,INCONCLUSIVE_NO_REFERENCE_INTERSECTION,0.0,1.632182235598296,spacing5-mechanism-20230929220926
spacing5-mechanism,V1,V1-P06,20230929220926,A384,Secondary central 384-cubed-voxel evaluation box,original2_5,Uniform final erosion (output spacing 2.5 voxels),2.0,40.881636255139426,0.0,0.0,INCONCLUSIVE_NO_REFERENCE_INTERSECTION,0.0,1.632182235598296,spacing5-mechanism-20230929220926
spacing5-mechanism,V1,V1-P06,20230929220926,A384,Secondary central 384-cubed-voxel evaluation box,original2_5,Uniform final erosion (output spacing 2.5 voxels),4.0,40.881636255139426,0.0,0.0,INCONCLUSIVE_NO_REFERENCE_INTERSECTION,0.0,1.632182235598296,spacing5-mechanism-20230929220926
spacing5-mechanism,V1,V1-P06,20230929220926,A384,Secondary central 384-cubed-voxel evaluation box,original2_5,Uniform final erosion (output spacing 2.5 voxels),8.0,40.881636255139426,0.0,0.0,INCONCLUSIVE_NO_REFERENCE_INTERSECTION,0.0,1.632182235598296,spacing5-mechanism-20230929220926
spacing5-mechanism,V1,V1-P10,20230929220926,A384,Secondary central 384-cubed-voxel evaluation box,original5,Uniform final erosion (output spacing 5 voxels),0.5,40.881636255139426,0.0,0.0,INCONCLUSIVE_NO_REFERENCE_INTERSECTION,2.7751946344893237,36.439197772512486,spacing5-mechanism-20230929220926
spacing5-mechanism,V1,V1-P10,20230929220926,A384,Secondary central 384-cubed-voxel evaluation box,original5,Uniform final erosion (output spacing 5 voxels),1.0,40.881636255139426,0.0,0.0,INCONCLUSIVE_NO_REFERENCE_INTERSECTION,2.7751946344893237,36.439197772512486,spacing5-mechanism-20230929220926
spacing5-mechanism,V1,V1-P10,20230929220926,A384,Secondary central 384-cubed-voxel evaluation box,original5,Uniform final erosion (output spacing 5 voxels),2.0,40.881636255139426,0.0,0.0,INCONCLUSIVE_NO_REFERENCE_INTERSECTION,2.7751946344893237,36.439197772512486,spacing5-mechanism-20230929220926
spacing5-mechanism,V1,V1-P10,20230929220926,A384,Secondary central 384-cubed-voxel evaluation box,original5,Uniform final erosion (output spacing 5 voxels),4.0,40.881636255139426,0.0,0.0,INCONCLUSIVE_NO_REFERENCE_INTERSECTION,2.7751946344893237,36.439197772512486,spacing5-mechanism-20230929220926
spacing5-mechanism,V1,V1-P10,20230929220926,A384,Secondary central 384-cubed-voxel evaluation box,original5,Uniform final erosion (output spacing 5 voxels),8.0,40.881636255139426,0.0,0.0,INCONCLUSIVE_NO_REFERENCE_INTERSECTION,2.7751946344893237,36.439197772512486,spacing5-mechanism-20230929220926
spacing5-mechanism,V1,V1-P10,20230929220926,A384,Secondary central 384-cubed-voxel evaluation box,support5,Fine-support finalization (output spacing 5 voxels),0.5,40.881636255139426,0.0,0.0,INCONCLUSIVE_NO_REFERENCE_INTERSECTION,2.9885356659699895,37.89104827411435,spacing5-mechanism-20230929220926
spacing5-mechanism,V1,V1-P10,20230929220926,A384,Secondary central 384-cubed-voxel evaluation box,support5,Fine-support finalization (output spacing 5 voxels),1.0,40.881636255139426,0.0,0.0,INCONCLUSIVE_NO_REFERENCE_INTERSECTION,2.9885356659699895,37.89104827411435,spacing5-mechanism-20230929220926
spacing5-mechanism,V1,V1-P10,20230929220926,A384,Secondary central 384-cubed-voxel evaluation box,support5,Fine-support finalization (output spacing 5 voxels),2.0,40.881636255139426,0.0,0.0,INCONCLUSIVE_NO_REFERENCE_INTERSECTION,2.9885356659699895,37.89104827411435,spacing5-mechanism-20230929220926
spacing5-mechanism,V1,V1-P10,20230929220926,A384,Secondary central 384-cubed-voxel evaluation box,support5,Fine-support finalization (output spacing 5 voxels),4.0,40.881636255139426,0.0,0.0,INCONCLUSIVE_NO_REFERENCE_INTERSECTION,2.9885356659699895,37.89104827411435,spacing5-mechanism-20230929220926
spacing5-mechanism,V1,V1-P10,20230929220926,A384,Secondary central 384-cubed-voxel evaluation box,support5,Fine-support finalization (output spacing 5 voxels),8.0,40.881636255139426,0.0,0.0,INCONCLUSIVE_NO_REFERENCE_INTERSECTION,2.9885356659699895,37.89104827411435,spacing5-mechanism-20230929220926
spacing5-mechanism,V1,V1-P10,20230929220926,A384,Secondary central 384-cubed-voxel evaluation box,original2_5,Uniform final erosion (output spacing 2.5 voxels),0.5,40.881636255139426,0.0,0.0,INCONCLUSIVE_NO_REFERENCE_INTERSECTION,3.0583971873877283,38.001110156904744,spacing5-mechanism-20230929220926
spacing5-mechanism,V1,V1-P10,20230929220926,A384,Secondary central 384-cubed-voxel evaluation box,original2_5,Uniform final erosion (output spacing 2.5 voxels),1.0,40.881636255139426,0.0,0.0,INCONCLUSIVE_NO_REFERENCE_INTERSECTION,3.0583971873877283,38.001110156904744,spacing5-mechanism-20230929220926
spacing5-mechanism,V1,V1-P10,20230929220926,A384,Secondary central 384-cubed-voxel evaluation box,original2_5,Uniform final erosion (output spacing 2.5 voxels),2.0,40.881636255139426,0.0,0.0,INCONCLUSIVE_NO_REFERENCE_INTERSECTION,3.0583971873877283,38.001110156904744,spacing5-mechanism-20230929220926
spacing5-mechanism,V1,V1-P10,20230929220926,A384,Secondary central 384-cubed-voxel evaluation box,original2_5,Uniform final erosion (output spacing 2.5 voxels),4.0,40.881636255139426,0.0,0.0,INCONCLUSIVE_NO_REFERENCE_INTERSECTION,3.0583971873877283,38.001110156904744,spacing5-mechanism-20230929220926
spacing5-mechanism,V1,V1-P10,20230929220926,A384,Secondary central 384-cubed-voxel evaluation box,original2_5,Uniform final erosion (output spacing 2.5 voxels),8.0,40.881636255139426,0.0,0.0,INCONCLUSIVE_NO_REFERENCE_INTERSECTION,3.0583971873877283,38.001110156904744,spacing5-mechanism-20230929220926
spacing5-development,C0,C0-P05,20230702185753,existing_exploratory_B896,896-cubed-voxel evaluation box for development patch C0-P05,original5,Uniform final erosion (output spacing 5 voxels),0.5,134.5881729078812,0.10236250752642058,0.0007605609416845457,GEOMETRIC_SUPPORT_ONLY,0.07134476510432307,0.020645754890221912,spacing5-development-C0-P05
spacing5-development,C0,C0-P05,20230702185753,existing_exploratory_B896,896-cubed-voxel evaluation box for development patch C0-P05,original5,Uniform final erosion (output spacing 5 voxels),1.0,134.5881729078812,0.2054676205172155,0.0015266394964574468,GEOMETRIC_SUPPORT_ONLY,0.07134476510432307,0.020645754890221912,spacing5-development-C0-P05
spacing5-development,C0,C0-P05,20230702185753,existing_exploratory_B896,896-cubed-voxel evaluation box for development patch C0-P05,original5,Uniform final erosion (output spacing 5 voxels),2.0,134.5881729078812,0.45780284604398047,0.0034015087370071026,GEOMETRIC_SUPPORT_ONLY,0.07134476510432307,0.020645754890221912,spacing5-development-C0-P05
spacing5-development,C0,C0-P05,20230702185753,existing_exploratory_B896,896-cubed-voxel evaluation box for development patch C0-P05,original5,Uniform final erosion (output spacing 5 voxels),4.0,134.5881729078812,1.0901007437565753,0.008099528511340251,GEOMETRIC_SUPPORT_ONLY,0.07134476510432307,0.020645754890221912,spacing5-development-C0-P05
spacing5-development,C0,C0-P05,20230702185753,existing_exploratory_B896,896-cubed-voxel evaluation box for development patch C0-P05,original5,Uniform final erosion (output spacing 5 voxels),8.0,134.5881729078812,2.1772159669818407,0.016176874386072803,GEOMETRIC_SUPPORT_ONLY,0.07134476510432307,0.020645754890221912,spacing5-development-C0-P05
spacing5-development,C0,C0-P05,20230702185753,existing_exploratory_B896,896-cubed-voxel evaluation box for development patch C0-P05,support5,Fine-support finalization (output spacing 5 voxels),0.5,134.5881729078812,0.12170493725887309,0.0009042766138312463,GEOMETRIC_SUPPORT_ONLY,0.0792520090506771,0.05645416433516859,spacing5-development-C0-P05
spacing5-development,C0,C0-P05,20230702185753,existing_exploratory_B896,896-cubed-voxel evaluation box for development patch C0-P05,support5,Fine-support finalization (output spacing 5 voxels),1.0,134.5881729078812,0.26690804375228466,0.0019831463492335968,GEOMETRIC_SUPPORT_ONLY,0.0792520090506771,0.05645416433516859,spacing5-development-C0-P05
spacing5-development,C0,C0-P05,20230702185753,existing_exploratory_B896,896-cubed-voxel evaluation box for development patch C0-P05,support5,Fine-support finalization (output spacing 5 voxels),2.0,134.5881729078812,0.5821740331950517,0.004325595783171233,GEOMETRIC_SUPPORT_ONLY,0.0792520090506771,0.05645416433516859,spacing5-development-C0-P05
spacing5-development,C0,C0-P05,20230702185753,existing_exploratory_B896,896-cubed-voxel evaluation box for development patch C0-P05,support5,Fine-support finalization (output spacing 5 voxels),4.0,134.5881729078812,1.2893267999065225,0.009579792726579339,GEOMETRIC_SUPPORT_ONLY,0.0792520090506771,0.05645416433516859,spacing5-development-C0-P05
spacing5-development,C0,C0-P05,20230702185753,existing_exploratory_B896,896-cubed-voxel evaluation box for development patch C0-P05,support5,Fine-support finalization (output spacing 5 voxels),8.0,134.5881729078812,2.436330224098306,0.018102112328739695,GEOMETRIC_SUPPORT_ONLY,0.0792520090506771,0.05645416433516859,spacing5-development-C0-P05
spacing5-development,C0,C0-P05,20230702185753,existing_exploratory_B896,896-cubed-voxel evaluation box for development patch C0-P05,original2_5,Uniform final erosion (output spacing 2.5 voxels),0.5,134.5881729078812,0.12281615975937187,0.0009125330785449724,GEOMETRIC_SUPPORT_ONLY,0.0812353147036532,0.06135575733653198,spacing5-development-C0-P05
spacing5-development,C0,C0-P05,20230702185753,existing_exploratory_B896,896-cubed-voxel evaluation box for development patch C0-P05,original2_5,Uniform final erosion (output spacing 2.5 voxels),1.0,134.5881729078812,0.280642214471654,0.0020851922454117825,GEOMETRIC_SUPPORT_ONLY,0.0812353147036532,0.06135575733653198,spacing5-development-C0-P05
spacing5-development,C0,C0-P05,20230702185753,existing_exploratory_B896,896-cubed-voxel evaluation box for development patch C0-P05,original2_5,Uniform final erosion (output spacing 2.5 voxels),2.0,134.5881729078812,0.5958205627627856,0.004426990499162172,GEOMETRIC_SUPPORT_ONLY,0.0812353147036532,0.06135575733653198,spacing5-development-C0-P05
spacing5-development,C0,C0-P05,20230702185753,existing_exploratory_B896,896-cubed-voxel evaluation box for development patch C0-P05,original2_5,Uniform final erosion (output spacing 2.5 voxels),4.0,134.5881729078812,1.3071039935970092,0.009711878580086349,GEOMETRIC_SUPPORT_ONLY,0.0812353147036532,0.06135575733653198,spacing5-development-C0-P05
spacing5-development,C0,C0-P05,20230702185753,existing_exploratory_B896,896-cubed-voxel evaluation box for development patch C0-P05,original2_5,Uniform final erosion (output spacing 2.5 voxels),8.0,134.5881729078812,2.4542169955475046,0.018235012353034114,GEOMETRIC_SUPPORT_ONLY,0.0812353147036532,0.06135575733653198,spacing5-development-C0-P05
spacing5-development,C0,C0-P29,20231210121321,original_frozen_core384,384-cubed-voxel evaluation box for development patch C0-P29,original5,Uniform final erosion (output spacing 5 voxels),0.5,31.80748479289459,0.2295606822065246,0.0072171906612938375,GEOMETRIC_SUPPORT_ONLY,0.0,3.27414189763175,spacing5-development-C0-P29
spacing5-development,C0,C0-P29,20231210121321,original_frozen_core384,384-cubed-voxel evaluation box for development patch C0-P29,original5,Uniform final erosion (output spacing 5 voxels),1.0,31.80748479289459,0.44275203823012077,0.013919743768266338,GEOMETRIC_SUPPORT_ONLY,0.0,3.27414189763175,spacing5-development-C0-P29
spacing5-development,C0,C0-P29,20231210121321,original_frozen_core384,384-cubed-voxel evaluation box for development patch C0-P29,original5,Uniform final erosion (output spacing 5 voxels),2.0,31.80748479289459,0.7960034156337499,0.02502566363913086,GEOMETRIC_SUPPORT_ONLY,0.0,3.27414189763175,spacing5-development-C0-P29
spacing5-development,C0,C0-P29,20231210121321,original_frozen_core384,384-cubed-voxel evaluation box for development patch C0-P29,original5,Uniform final erosion (output spacing 5 voxels),4.0,31.80748479289459,1.2430242621271161,0.03907961507238676,GEOMETRIC_SUPPORT_ONLY,0.0,3.27414189763175,spacing5-development-C0-P29
spacing5-development,C0,C0-P29,20231210121321,original_frozen_core384,384-cubed-voxel evaluation box for development patch C0-P29,original5,Uniform final erosion (output spacing 5 voxels),8.0,31.80748479289459,1.588928644614204,0.04995455173397274,GEOMETRIC_SUPPORT_ONLY,0.0,3.27414189763175,spacing5-development-C0-P29
spacing5-development,C0,C0-P29,20231210121321,original_frozen_core384,384-cubed-voxel evaluation box for development patch C0-P29,support5,Fine-support finalization (output spacing 5 voxels),0.5,31.80748479289459,0.25321291816093844,0.00796079664298081,GEOMETRIC_SUPPORT_ONLY,0.0,3.6317101752054985,spacing5-development-C0-P29
spacing5-development,C0,C0-P29,20231210121321,original_frozen_core384,384-cubed-voxel evaluation box for development patch C0-P29,support5,Fine-support finalization (output spacing 5 voxels),1.0,31.80748479289459,0.49737062869527704,0.015636905336393767,GEOMETRIC_SUPPORT_ONLY,0.0,3.6317101752054985,spacing5-development-C0-P29
spacing5-development,C0,C0-P29,20231210121321,original_frozen_core384,384-cubed-voxel evaluation box for development patch C0-P29,support5,Fine-support finalization (output spacing 5 voxels),2.0,31.80748479289459,0.8783121742133072,0.02761338030756558,GEOMETRIC_SUPPORT_ONLY,0.0,3.6317101752054985,spacing5-development-C0-P29
spacing5-development,C0,C0-P29,20231210121321,original_frozen_core384,384-cubed-voxel evaluation box for development patch C0-P29,support5,Fine-support finalization (output spacing 5 voxels),4.0,31.80748479289459,1.425177533905458,0.04480635747167992,GEOMETRIC_SUPPORT_ONLY,0.0,3.6317101752054985,spacing5-development-C0-P29
spacing5-development,C0,C0-P29,20231210121321,original_frozen_core384,384-cubed-voxel evaluation box for development patch C0-P29,support5,Fine-support finalization (output spacing 5 voxels),8.0,31.80748479289459,2.0308199054844427,0.06384723340143209,GEOMETRIC_SUPPORT_ONLY,0.0,3.6317101752054985,spacing5-development-C0-P29
spacing5-development,C0,C0-P29,20231210121321,original_frozen_core384,384-cubed-voxel evaluation box for development patch C0-P29,original2_5,Uniform final erosion (output spacing 2.5 voxels),0.5,31.80748479289459,0.2610824690504637,0.00820820856318656,GEOMETRIC_SUPPORT_ONLY,0.0,3.6823425645751287,spacing5-development-C0-P29
spacing5-development,C0,C0-P29,20231210121321,original_frozen_core384,384-cubed-voxel evaluation box for development patch C0-P29,original2_5,Uniform final erosion (output spacing 2.5 voxels),1.0,31.80748479289459,0.5023854067138946,0.015794565649721586,GEOMETRIC_SUPPORT_ONLY,0.0,3.6823425645751287,spacing5-development-C0-P29
spacing5-development,C0,C0-P29,20231210121321,original_frozen_core384,384-cubed-voxel evaluation box for development patch C0-P29,original2_5,Uniform final erosion (output spacing 2.5 voxels),2.0,31.80748479289459,0.9061543868249833,0.02848871555626452,GEOMETRIC_SUPPORT_ONLY,0.0,3.6823425645751287,spacing5-development-C0-P29
spacing5-development,C0,C0-P29,20231210121321,original_frozen_core384,384-cubed-voxel evaluation box for development patch C0-P29,original2_5,Uniform final erosion (output spacing 2.5 voxels),4.0,31.80748479289459,1.4323585139016373,0.04503212131446523,GEOMETRIC_SUPPORT_ONLY,0.0,3.6823425645751287,spacing5-development-C0-P29
spacing5-development,C0,C0-P29,20231210121321,original_frozen_core384,384-cubed-voxel evaluation box for development patch C0-P29,original2_5,Uniform final erosion (output spacing 2.5 voxels),8.0,31.80748479289459,1.8125476885395195,0.05698494239143426,GEOMETRIC_SUPPORT_ONLY,0.0,3.6823425645751287,spacing5-development-C0-P29
existing-output-step-option,C0,C0-P05,20230702185753,existing_exploratory_B896,896-cubed-voxel evaluation box for development patch C0-P05,existing10_to10,Uniform final erosion (surface output spacing 10 voxels; flatten output step 10 voxels),0.5,134.5881729078812,0.025629612088272847,0.00019042989836718434,GEOMETRIC_SUPPORT_ONLY,0.023010405909721778,,P05-existing-output-step
existing-output-step-option,C0,C0-P05,20230702185753,existing_exploratory_B896,896-cubed-voxel evaluation box for development patch C0-P05,existing10_to10,Uniform final erosion (surface output spacing 10 voxels; flatten output step 10 voxels),1.0,134.5881729078812,0.06945057227589146,0.0005160228478874357,GEOMETRIC_SUPPORT_ONLY,0.023010405909721778,,P05-existing-output-step
existing-output-step-option,C0,C0-P05,20230702185753,existing_exploratory_B896,896-cubed-voxel evaluation box for development patch C0-P05,existing10_to10,Uniform final erosion (surface output spacing 10 voxels; flatten output step 10 voxels),2.0,134.5881729078812,0.18878176084850337,0.00140266233480794,GEOMETRIC_SUPPORT_ONLY,0.023010405909721778,,P05-existing-output-step
existing-output-step-option,C0,C0-P05,20230702185753,existing_exploratory_B896,896-cubed-voxel evaluation box for development patch C0-P05,existing10_to10,Uniform final erosion (surface output spacing 10 voxels; flatten output step 10 voxels),4.0,134.5881729078812,0.6093109728674324,0.004527225236087238,GEOMETRIC_SUPPORT_ONLY,0.023010405909721778,,P05-existing-output-step
existing-output-step-option,C0,C0-P05,20230702185753,existing_exploratory_B896,896-cubed-voxel evaluation box for development patch C0-P05,existing10_to10,Uniform final erosion (surface output spacing 10 voxels; flatten output step 10 voxels),8.0,134.5881729078812,1.6097585265483143,0.011960623966937369,GEOMETRIC_SUPPORT_ONLY,0.023010405909721778,,P05-existing-output-step
existing-output-step-option,C0,C0-P05,20230702185753,existing_exploratory_B896,896-cubed-voxel evaluation box for development patch C0-P05,support10_to10,Fine-support finalization (surface output spacing 10 voxels; flatten output step 10 voxels),0.5,134.5881729078812,0.08860344930187425,0.0006583301295167952,GEOMETRIC_SUPPORT_ONLY,0.05821215701888337,,P05-existing-output-step
existing-output-step-option,C0,C0-P05,20230702185753,existing_exploratory_B896,896-cubed-voxel evaluation box for development patch C0-P05,support10_to10,Fine-support finalization (surface output spacing 10 voxels; flatten output step 10 voxels),1.0,134.5881729078812,0.1838003625425224,0.0013656501798885738,GEOMETRIC_SUPPORT_ONLY,0.05821215701888337,,P05-existing-output-step
existing-output-step-option,C0,C0-P05,20230702185753,existing_exploratory_B896,896-cubed-voxel evaluation box for development patch C0-P05,support10_to10,Fine-support finalization (surface output spacing 10 voxels; flatten output step 10 voxels),2.0,134.5881729078812,0.412628914359891,0.0030658631099949227,GEOMETRIC_SUPPORT_ONLY,0.05821215701888337,,P05-existing-output-step
existing-output-step-option,C0,C0-P05,20230702185753,existing_exploratory_B896,896-cubed-voxel evaluation box for development patch C0-P05,support10_to10,Fine-support finalization (surface output spacing 10 voxels; flatten output step 10 voxels),4.0,134.5881729078812,0.973061633590277,0.00722991933515799,GEOMETRIC_SUPPORT_ONLY,0.05821215701888337,,P05-existing-output-step
existing-output-step-option,C0,C0-P05,20230702185753,existing_exploratory_B896,896-cubed-voxel evaluation box for development patch C0-P05,support10_to10,Fine-support finalization (surface output spacing 10 voxels; flatten output step 10 voxels),8.0,134.5881729078812,2.1076235096201077,0.015659797321586864,GEOMETRIC_SUPPORT_ONLY,0.05821215701888337,,P05-existing-output-step
existing-output-step-option,C0,C0-P05,20230702185753,existing_exploratory_B896,896-cubed-voxel evaluation box for development patch C0-P05,existing5_to5,Uniform final erosion (surface output spacing 5 voxels; flatten output step 5 voxels),0.5,134.5881729078812,0.10236250752642058,0.0007605609416845457,GEOMETRIC_SUPPORT_ONLY,0.07134476510432307,,P05-existing-output-step
existing-output-step-option,C0,C0-P05,20230702185753,existing_exploratory_B896,896-cubed-voxel evaluation box for development patch C0-P05,existing5_to5,Uniform final erosion (surface output spacing 5 voxels; flatten output step 5 voxels),1.0,134.5881729078812,0.2054676205172155,0.0015266394964574468,GEOMETRIC_SUPPORT_ONLY,0.07134476510432307,,P05-existing-output-step
existing-output-step-option,C0,C0-P05,20230702185753,existing_exploratory_B896,896-cubed-voxel evaluation box for development patch C0-P05,existing5_to5,Uniform final erosion (surface output spacing 5 voxels; flatten output step 5 voxels),2.0,134.5881729078812,0.45780284604398047,0.0034015087370071026,GEOMETRIC_SUPPORT_ONLY,0.07134476510432307,,P05-existing-output-step
existing-output-step-option,C0,C0-P05,20230702185753,existing_exploratory_B896,896-cubed-voxel evaluation box for development patch C0-P05,existing5_to5,Uniform final erosion (surface output spacing 5 voxels; flatten output step 5 voxels),4.0,134.5881729078812,1.0901007437565753,0.008099528511340251,GEOMETRIC_SUPPORT_ONLY,0.07134476510432307,,P05-existing-output-step
existing-output-step-option,C0,C0-P05,20230702185753,existing_exploratory_B896,896-cubed-voxel evaluation box for development patch C0-P05,existing5_to5,Uniform final erosion (surface output spacing 5 voxels; flatten output step 5 voxels),8.0,134.5881729078812,2.1772159669818407,0.016176874386072803,GEOMETRIC_SUPPORT_ONLY,0.07134476510432307,,P05-existing-output-step
existing-output-step-option,C0,C0-P05,20230702185753,existing_exploratory_B896,896-cubed-voxel evaluation box for development patch C0-P05,existing10_to5,Uniform final erosion (surface output spacing 10 voxels; flatten output step 5 voxels),0.5,134.5881729078812,0.0381994075934664,0.00028382440126898794,GEOMETRIC_SUPPORT_ONLY,0.04944900066264911,,P05-existing-output-step
existing-output-step-option,C0,C0-P05,20230702185753,existing_exploratory_B896,896-cubed-voxel evaluation box for development patch C0-P05,existing10_to5,Uniform final erosion (surface output spacing 10 voxels; flatten output step 5 voxels),1.0,134.5881729078812,0.07987640806621686,0.0005934875727965208,GEOMETRIC_SUPPORT_ONLY,0.04944900066264911,,P05-existing-output-step
existing-output-step-option,C0,C0-P05,20230702185753,existing_exploratory_B896,896-cubed-voxel evaluation box for development patch C0-P05,existing10_to5,Uniform final erosion (surface output spacing 10 voxels; flatten output step 5 voxels),2.0,134.5881729078812,0.23462182472352242,0.0017432573728756182,GEOMETRIC_SUPPORT_ONLY,0.04944900066264911,,P05-existing-output-step
existing-output-step-option,C0,C0-P05,20230702185753,existing_exploratory_B896,896-cubed-voxel evaluation box for development patch C0-P05,existing10_to5,Uniform final erosion (surface output spacing 10 voxels; flatten output step 5 voxels),4.0,134.5881729078812,0.7412234001725806,0.005507344249928339,GEOMETRIC_SUPPORT_ONLY,0.04944900066264911,,P05-existing-output-step
existing-output-step-option,C0,C0-P05,20230702185753,existing_exploratory_B896,896-cubed-voxel evaluation box for development patch C0-P05,existing10_to5,Uniform final erosion (surface output spacing 10 voxels; flatten output step 5 voxels),8.0,134.5881729078812,1.7606083951909735,0.013081449559435071,GEOMETRIC_SUPPORT_ONLY,0.04944900066264911,,P05-existing-output-step
existing-output-step-option,C0,C0-P05,20230702185753,existing_exploratory_B896,896-cubed-voxel evaluation box for development patch C0-P05,support10_to5,Fine-support finalization (surface output spacing 10 voxels; flatten output step 5 voxels),0.5,134.5881729078812,0.11473416066350309,0.0008524832322527539,GEOMETRIC_SUPPORT_ONLY,0.07092993011348316,,P05-existing-output-step
existing-output-step-option,C0,C0-P05,20230702185753,existing_exploratory_B896,896-cubed-voxel evaluation box for development patch C0-P05,support10_to5,Fine-support finalization (surface output spacing 10 voxels; flatten output step 5 voxels),1.0,134.5881729078812,0.22610745478853114,0.0016799949795238715,GEOMETRIC_SUPPORT_ONLY,0.07092993011348316,,P05-existing-output-step
existing-output-step-option,C0,C0-P05,20230702185753,existing_exploratory_B896,896-cubed-voxel evaluation box for development patch C0-P05,support10_to5,Fine-support finalization (surface output spacing 10 voxels; flatten output step 5 voxels),2.0,134.5881729078812,0.499704374233592,0.003712840165945446,GEOMETRIC_SUPPORT_ONLY,0.07092993011348316,,P05-existing-output-step
existing-output-step-option,C0,C0-P05,20230702185753,existing_exploratory_B896,896-cubed-voxel evaluation box for development patch C0-P05,support10_to5,Fine-support finalization (surface output spacing 10 voxels; flatten output step 5 voxels),4.0,134.5881729078812,1.1316622139252572,0.008408333284231616,GEOMETRIC_SUPPORT_ONLY,0.07092993011348316,,P05-existing-output-step
existing-output-step-option,C0,C0-P05,20230702185753,existing_exploratory_B896,896-cubed-voxel evaluation box for development patch C0-P05,support10_to5,Fine-support finalization (surface output spacing 10 voxels; flatten output step 5 voxels),8.0,134.5881729078812,2.277247047647264,0.016920112655113645,GEOMETRIC_SUPPORT_ONLY,0.07092993011348316,,P05-existing-output-step
